report_year,report_date,rooms_rented,occupancy_pct,adr,room_charges,taxes,other_revenue,total_revenue
2022,12/4/2022,13,13.13,46.69,606.93,59.19,-15.00,651.12
2022,12/3/2022,31,31.31,59.25,1836.77,179.09,55.00,2070.86
2022,12/2/2022,27,27.27,49.97,1349.27,131.59,160.00,1640.86
2022,12/1/2022,27,27.27,42.59,1150.02,112.15,0.00,1262.17
2022,12/5/2022,20,20.20,47.51,950.11,92.65,0.00,1042.76
2022,12/6/2022,20,20.20,43.09,861.81,84.04,0.00,945.85
2022,12/7/2022,29,29.29,44.06,1277.80,124.61,50.00,1452.41
2022,12/8/2022,30,30.30,45.62,1368.55,133.47,15.00,1517.02
2022,12/9/2022,24,24.24,43.95,1054.78,102.86,10.00,1167.64
2022,12/10/2022,21,21.21,40.83,857.44,83.62,0.00,941.06
2022,12/11/2022,14,14.14,37.45,524.24,51.13,60.00,635.37
2022,12/13/2022,26,26.26,43.72,1136.60,110.85,0.00,1247.45
2022,12/12/2022,27,27.27,51.21,1382.74,134.85,30.00,1547.59
2022,12/14/2022,24,24.24,45.40,1089.52,106.25,0.00,1195.77
2022,12/15/2022,35,35.35,44.01,1540.42,150.23,65.00,1755.65
2022,12/17/2022,23,23.23,45.37,1043.55,101.76,65.00,1210.31
2022,12/18/2022,19,19.19,43.96,835.19,81.43,15.00,931.62
2022,12/19/2022,21,21.21,48.33,1015.03,98.97,40.00,1154.00
2022,12/16/2022,26,26.26,46.67,1213.35,118.32,0.00,1331.67
2022,12/20/2022,23,23.23,41.07,944.66,92.12,0.00,1036.78
2022,12/22/2022,18,18.18,35.46,638.22,62.24,0.00,700.46
2022,12/23/2022,10,10.10,21.41,214.11,20.87,0.00,234.98
2022,12/21/2022,32,32.32,46.02,1472.65,143.62,95.00,1711.27
2022,12/24/2022,20,20.20,43.03,860.67,83.91,15.00,959.58
2022,12/25/2022,21,21.21,50.63,1063.26,103.67,125.00,1291.93
2022,12/27/2022,23,23.23,45.31,1042.24,101.62,0.00,1143.86
2022,12/26/2022,25,25.25,40.39,1009.63,98.45,60.00,1168.08
2022,12/28/2022,29,29.29,44.34,1285.72,125.36,15.00,1426.08
2022,12/29/2022,32,32.32,46.85,1499.12,146.16,15.00,1660.28
2022,12/30/2022,27,27.27,46.60,1258.11,122.70,15.00,1395.81
2022,12/31/2022,33,33.33,56.64,1869.23,182.20,180.00,2231.43
2022,11/1/2022,39,39.39,46.21,1802.06,175.73,35.00,2012.79
2022,11/2/2022,33,33.33,60.10,1983.20,193.37,50.00,2226.57
2022,11/3/2022,45,45.45,47.53,2138.78,208.57,-46.91,2300.44
2022,11/5/2022,40,40.40,57.02,2280.83,222.35,90.00,2593.18
2022,11/6/2022,24,24.24,53.29,1279.01,124.72,-30.00,1373.73
2022,11/4/2022,53,53.54,50.62,2682.64,261.59,23.00,2967.23
2022,11/7/2022,29,29.29,53.26,1544.51,150.60,30.00,1725.11
2022,11/8/2022,33,33.33,46.76,1543.04,150.48,30.00,1723.52
2022,11/9/2022,36,36.36,51.17,1842.16,179.63,30.00,2051.79
2022,11/12/2022,41,41.41,60.44,2478.14,236.71,0.00,2714.85
2022,11/11/2022,44,44.44,57.02,2508.67,244.58,100.00,2853.25
2022,11/10/2022,29,29.29,47.41,1374.79,134.08,90.00,1598.87
2022,11/13/2022,18,18.18,48.80,878.38,85.68,15.00,979.06
2022,11/15/2022,29,29.29,49.42,1433.24,139.73,0.01,1572.98
2022,11/16/2022,35,35.35,50.35,1762.25,171.87,30.00,1964.12
2022,11/18/2022,41,41.41,49.11,2013.49,196.31,25.00,2234.80
2022,11/17/2022,25,25.25,43.17,1079.29,105.25,0.00,1184.54
2022,11/20/2022,12,12.12,42.26,507.12,49.45,30.00,586.57
2022,11/19/2022,39,39.39,56.16,2190.37,213.54,105.00,2508.91
2022,11/21/2022,24,24.24,51.00,1223.97,119.35,30.00,1373.32
2022,11/22/2022,38,38.38,41.76,1586.94,154.77,15.00,1756.71
2022,11/23/2022,23,23.23,45.56,1047.88,102.19,0.00,1150.07
2022,11/24/2022,15,15.15,44.23,663.51,64.71,0.00,728.22
2022,11/25/2022,19,19.19,52.76,1002.41,97.71,15.00,1115.12
2022,11/26/2022,18,18.18,50.30,905.34,88.25,0.00,993.59
2022,11/27/2022,15,15.15,51.04,765.63,74.67,30.00,870.30
2022,11/28/2022,32,32.32,50.22,1607.01,156.73,115.00,1878.74
2022,11/29/2022,33,33.33,48.56,1602.37,156.27,30.00,1788.64
2022,11/30/2022,31,31.31,45.72,1417.35,138.22,0.00,1555.57
2022,10/2/2022,19,19.19,66.00,1254.04,122.26,15.00,1391.30
2022,10/3/2022,28,28.28,65.18,1824.99,177.97,0.00,2002.96
2022,10/1/2022,68,68.69,77.06,5240.16,510.93,0.00,5751.09
2022,10/6/2022,37,37.37,48.04,1777.39,173.34,75.00,2025.73
2022,10/7/2022,34,34.34,65.99,2243.82,218.79,-10.03,2452.58
2022,10/5/2022,32,32.32,49.73,1591.33,155.19,0.00,1746.52
2022,10/4/2022,26,26.26,50.63,1316.44,128.41,15.00,1459.85
2022,10/9/2022,21,21.21,55.97,1175.41,114.60,30.00,1320.01
2022,10/8/2022,32,32.32,71.60,2291.10,223.39,75.00,2589.49
2022,10/11/2022,31,31.31,46.76,1449.62,141.37,0.00,1590.99
2022,10/10/2022,27,27.27,54.44,1469.94,187.24,450.00,2107.18
2022,10/12/2022,37,37.37,48.75,1803.63,175.88,15.00,1994.51
2022,10/13/2022,45,45.45,58.01,2610.32,230.09,30.00,2870.41
2022,10/15/2022,47,47.47,65.08,3058.94,271.99,15.00,3345.93
2022,10/14/2022,49,49.49,58.54,2868.24,253.36,45.00,3166.60
2022,10/16/2022,28,28.28,53.60,1500.92,146.37,30.00,1677.29
2022,10/17/2022,40,40.40,55.28,2211.27,215.65,15.00,2441.92
2022,10/18/2022,38,38.38,47.35,1799.29,175.48,65.00,2039.77
2022,10/19/2022,35,35.35,49.28,1724.78,168.22,0.00,1893.00
2022,10/20/2022,38,38.38,45.75,1738.60,169.57,15.00,1923.17
2022,10/22/2022,32,32.32,56.82,1818.16,177.27,45.00,2040.43
2022,10/23/2022,22,22.22,50.77,1117.01,108.94,15.00,1240.95
2022,10/21/2022,46,46.46,52.59,2419.17,235.89,0.00,2655.06
2022,10/24/2022,33,33.33,50.47,1665.61,162.44,0.00,1828.05
2022,10/26/2022,28,28.28,50.70,1419.62,138.48,0.00,1558.10
2022,10/25/2022,35,35.35,47.94,1677.75,163.62,0.00,1841.37
2022,10/27/2022,34,34.34,49.72,1690.33,164.85,0.00,1855.18
2022,10/30/2022,19,19.19,46.57,884.79,86.28,15.00,986.07
2022,10/28/2022,37,37.37,41.86,1548.93,151.04,45.00,1744.97
2022,10/29/2022,37,37.37,53.06,1963.25,191.43,0.00,2154.68
2022,10/31/2022,24,24.24,48.32,1159.59,113.09,0.00,1272.68
2022,9/7/2022,22,22.22,50.99,1121.84,109.39,0.00,1231.23
2022,9/5/2022,25,25.25,55.00,1375.11,134.06,115.00,1624.17
2022,9/6/2022,24,24.24,54.80,1315.14,128.23,1.00,1444.37
2022,9/4/2022,29,29.29,62.26,1805.52,176.06,110.00,2091.58
2022,9/8/2022,23,23.23,44.60,1025.77,100.01,15.00,1140.78
2022,9/9/2022,47,47.47,56.30,2646.01,258.00,80.00,2984.01
2022,9/14/2022,51,51.52,56.17,2864.70,279.28,30.00,3173.98
2022,9/15/2022,45,45.45,53.27,2396.95,233.75,60.00,2690.70
2022,9/18/2022,18,18.18,44.71,804.71,78.46,0.00,883.17
2022,9/19/2022,22,22.22,50.61,1113.41,108.54,0.00,1221.95
2022,9/16/2022,54,54.55,60.32,3257.47,317.64,30.00,3605.11
2022,9/17/2022,56,56.57,66.56,3727.20,363.36,30.00,4120.56
2022,9/20/2022,30,30.30,46.81,1404.33,136.95,0.00,1541.28
2022,9/21/2022,31,31.31,53.95,1672.57,163.09,150.00,1985.66
2022,9/22/2022,35,35.35,39.84,1394.53,135.97,0.00,1530.50
2022,9/25/2022,19,19.19,57.26,1087.89,106.07,1701.02,2894.98
2022,9/23/2022,55,55.56,59.80,3289.18,320.69,0.00,3609.87
2022,9/26/2022,27,27.27,47.03,1269.83,123.82,0.00,1393.65
2022,9/28/2022,22,22.22,49.00,1077.97,105.10,15.00,1198.07
2022,9/24/2022,59,59.60,73.78,4353.27,424.42,230.00,5007.69
2022,9/27/2022,40,40.40,48.31,1932.49,188.46,10.00,2130.95
2022,9/29/2022,44,44.44,54.98,2419.22,235.88,35.00,2690.10
2022,4/2/2023,33,44.58,54.79,1807.92,176.38,303.39,2287.69
2022,9/30/2022,59,59.60,67.96,4009.92,390.97,40.00,4440.89
2022,4/3/2023,36,40.62,56.22,2023.86,197.45,100.01,2321.32
2022,4/1/2023,62,67.71,65.14,4038.50,393.83,155.00,4587.33
2022,4/4/2023,28,32.29,50.06,1401.65,136.76,0.00,1538.41
2022,4/5/2023,33,37.50,53.88,1778.16,173.47,-0.50,1951.13
2022,4/8/2023,38,43.30,63.63,2418.08,235.81,205.00,2858.89
2022,4/7/2023,,,,,,,
2022,4/6/2023,,,,,,,
2022,4/9/2023,29,34.02,56.01,1624.30,158.45,25.00,1807.75
2022,4/10/2023,37,42.27,54.34,2010.43,196.13,110.00,2316.56
2022,4/11/2023,39,44.33,52.35,2041.74,199.21,25.00,2265.95
2022,4/12/2023,43,48.45,52.42,2254.09,219.90,-38.00,2435.99
2022,4/15/2023,52,58.33,65.83,3423.33,333.79,40.00,3797.12
2022,4/14/2023,51,57.29,62.65,3195.35,311.64,150.00,3656.99
2022,4/16/2023,27,31.96,52.19,1409.06,137.48,0.00,1546.54
2022,4/13/2023,,,,,,,
2022,4/17/2023,28,33.33,53.02,1484.69,144.83,240.00,1869.52
2022,4/18/2023,36,42.71,54.15,1949.46,190.17,0.00,2139.63
2022,4/19/2023,30,36.08,48.28,1448.38,141.27,0.00,1589.65
2022,4/20/2023,33,38.54,51.62,1703.58,166.16,-255.18,1614.56
2022,4/23/2023,40,55.00,55.94,2237.55,218.22,30.00,2485.77
2022,4/24/2023,27,34.07,51.80,1398.70,136.43,250.00,1785.13
2022,4/25/2023,33,38.14,53.87,1777.83,173.39,0.00,1951.22
2022,4/21/2023,57,62.89,68.64,3912.60,381.54,90.00,4384.14
2022,4/26/2023,34,39.18,51.41,1747.91,170.47,-0.50,1917.88
2022,4/27/2023,41,47.42,53.67,2200.40,214.58,0.00,2414.98
2022,4/22/2023,,,,,,,
2022,4/29/2023,,,,,,,
2022,4/28/2023,56,62.50,68.59,3841.26,374.55,50.50,4266.31
2022,4/30/2023,35,41.94,55.87,1955.40,190.65,100.00,2246.05
2022,8/2/2023,,,,,,,
2022,8/1/2023,38,46.74,70.56,2681.15,255.86,135.00,3072.01
2022,8/3/2023,29,40.00,69.09,2003.69,189.79,125.00,2318.48
2022,8/6/2023,24,30.21,64.37,1544.79,150.60,15.00,1710.39
2022,8/7/2023,30,36.46,59.93,1797.92,175.30,46.50,2019.72
2022,8/8/2023,25,31.25,65.45,1636.14,159.53,-13.00,1782.67
2022,8/9/2023,37,43.75,68.12,2520.40,245.74,162.92,2929.06
2022,8/10/2023,28,37.93,54.92,1537.79,149.92,30.00,1717.71
2022,8/13/2023,29,36.84,64.53,1936.03,188.74,30.00,2154.77
2022,8/11/2023,42,48.96,72.19,3032.13,295.63,15.00,3342.76
2022,8/12/2023,48,54.64,75.56,3626.74,353.57,55.00,4035.31
2022,8/14/2023,39,47.87,62.47,2498.92,243.63,160.00,2902.55
2022,8/15/2023,37,44.79,63.54,2414.36,235.37,75.00,2724.73
2022,8/16/2023,47,55.21,66.94,3146.11,306.77,85.00,3537.88
2022,8/20/2023,31,36.73,60.55,1877.04,183.00,150.00,2210.04
2022,8/17/2023,57,63.27,72.71,4144.38,404.06,50.00,4598.44
2022,8/21/2023,36,41.84,55.79,2008.37,195.82,125.01,2329.20
2022,8/22/2023,32,37.76,61.31,1961.80,191.25,40.94,2193.99
2022,8/19/2023,79,85.71,101.91,8050.71,784.92,230.00,9065.63
2022,8/23/2023,36,41.84,61.50,2214.13,215.85,25.00,2454.98
2022,8/24/2023,33,38.78,62.12,2050.01,199.86,25.00,2274.87
2022,8/18/2023,88,94.90,100.50,8844.33,862.38,75.00,9781.71
2022,8/28/2023,31,37.37,62.14,1926.49,187.83,0.00,2114.32
2022,8/25/2023,48,54.55,74.82,3591.54,350.19,75.00,4016.73
2022,8/27/2023,27,33.67,67.46,1821.51,177.60,0.00,1999.11
2022,8/26/2023,54,60.61,78.85,4258.11,415.16,115.00,4788.27
2022,8/29/2023,26,32.32,62.36,1621.25,158.08,100.00,1879.33
2022,8/30/2023,35,41.84,60.51,2117.82,206.47,0.00,2324.29
2022,12/1/2023,26,32.32,56.96,1480.99,144.63,120.00,1745.62
2022,12/2/2023,29,34.34,61.26,1776.66,173.20,0.00,1949.86
2022,12/3/2023,21,26.53,54.11,1136.38,110.79,275.09,1522.26
2022,12/4/2023,25,30.61,52.43,1310.86,127.81,0.00,1438.67
2022,12/5/2023,26,31.63,53.50,1391.03,135.62,0.00,1526.65
2022,8/31/2023,35,41.41,62.88,2200.88,214.56,70.00,2485.44
2022,12/6/2023,26,31.63,51.32,1334.23,130.05,0.00,1464.28
2022,12/7/2023,28,33.67,51.07,1429.99,139.41,0.00,1569.40
2022,12/8/2023,24,29.59,57.22,1373.31,133.89,0.01,1507.21
2022,12/9/2023,24,29.59,57.47,1379.16,134.45,25.00,1538.61
2022,12/11/2023,31,37.11,53.58,1660.98,161.95,200.00,2022.93
2022,12/12/2023,26,31.96,53.71,1396.46,136.15,0.00,1532.61
2022,12/13/2023,31,36.36,51.07,1583.18,154.34,105.00,1842.52
2022,12/10/2023,24,29.59,57.47,1379.16,134.45,25.00,1538.61
2022,12/14/2023,31,36.73,52.50,1627.50,158.69,0.00,1786.19
2022,12/18/2023,31,37.11,50.06,1551.76,151.29,50.00,1753.05
2022,12/19/2023,33,38.38,51.06,1685.13,164.29,-45.00,1804.42
2022,12/20/2023,28,33.33,52.70,1475.49,143.88,34.67,1654.04
2022,12/21/2023,30,31.63,52.87,1586.02,154.64,25.00,1765.66
2022,12/22/2023,,,,,,,
2022,12/24/2023,,,,,,,
2022,12/16/2023,,,,,,,
2022,12/25/2023,,,,,,,
2022,12/27/2023,20,25.00,49.64,992.85,96.81,205.00,1294.66
2022,12/28/2023,20,25.77,52.80,1055.98,102.98,100.00,1258.96
2022,12/26/2023,,,,,,,
2022,2/25/2023,69,69.70,68.63,4735.55,461.74,445.00,5642.29
2022,2/24/2023,104,105.05,69.77,7256.12,707.55,325.00,8288.67
2022,2/26/2023,22,22.22,47.77,1051.04,102.46,200.20,1353.70
2022,7/3/2023,22,27.55,55.20,1214.30,118.46,100.00,1432.76
2022,7/2/2023,31,37.11,61.12,1894.59,184.78,90.00,2169.37
2022,7/4/2023,27,32.65,58.75,1586.17,154.72,0.00,1740.89
2022,7/5/2023,25,30.61,53.34,1333.61,130.07,-60.00,1403.68
2022,7/1/2023,53,59.18,69.30,3672.84,358.20,50.00,4081.04
2022,7/6/2023,33,38.78,63.32,2089.54,203.77,0.00,2293.31
2022,7/9/2023,23,28.57,57.62,1325.32,127.30,25.00,1477.62
2022,7/8/2023,49,55.10,84.52,4141.27,403.78,170.00,4715.05
2022,7/7/2023,51,57.73,66.90,3411.95,332.69,330.00,4074.64
2022,7/10/2023,28,33.67,62.06,1737.60,169.48,-43.00,1864.08
2022,7/12/2023,40,45.92,61.59,2463.57,240.23,0.00,2703.80
2022,7/11/2023,48,54.08,61.63,2958.07,288.50,-63.53,3183.04
2022,7/13/2023,40,46.39,62.97,2518.67,245.65,90.00,2854.32
2022,7/16/2023,29,35.05,62.13,1801.65,170.85,170.00,2142.50
2022,7/15/2023,55,61.86,83.45,4590.01,447.50,85.00,5122.51
2022,7/14/2023,54,61.86,70.09,3854.89,375.88,227.31,4458.08
2022,7/17/2023,58,65.62,54.12,3138.82,306.26,25.00,3470.08
2022,7/19/2023,50,57.89,58.70,2935.14,286.18,110.00,3331.32
2022,7/18/2023,48,55.21,58.28,2797.42,272.79,-14.00,3056.21
2022,7/20/2023,54,62.11,61.00,3293.91,321.19,85.00,3700.10
2022,7/23/2023,28,35.48,57.60,1612.74,151.87,1.00,1765.61
2022,7/22/2023,74,82.29,84.57,6258.52,603.91,80.00,6942.43
2022,7/24/2023,36,42.71,59.03,2124.90,207.21,0.00,2332.11
2022,7/21/2023,73,81.25,73.69,5379.12,518.12,50.00,5947.24
2022,7/26/2023,39,45.36,58.75,2291.26,223.42,45.00,2559.68
2022,7/27/2023,60,69.89,65.94,3956.47,385.77,135.00,4477.24
2022,7/25/2023,43,50.00,59.48,2557.71,249.39,0.00,2807.10
2022,7/30/2023,38,47.25,64.99,2469.59,240.82,215.00,2925.41
2022,7/28/2023,73,79.59,75.74,5528.92,539.10,240.00,6308.02
2022,7/29/2023,79,85.71,81.82,6463.95,630.26,85.00,7179.21
2022,6/1/2023,42,47.92,56.14,2357.81,229.95,55.00,2642.76
2022,7/31/2023,39,47.83,67.98,2651.07,258.50,172.50,3082.07
2022,6/2/2023,41,46.39,72.45,2970.49,289.67,40.00,3300.16
2022,6/4/2023,33,38.54,65.12,2148.80,209.57,60.00,2418.37
2022,6/6/2023,52,58.95,56.56,2941.31,286.87,0.00,3228.18
2022,6/3/2023,49,55.67,70.88,3544.21,345.64,50.00,3939.85
2022,6/5/2023,42,49.46,60.43,2537.85,247.52,-92.00,2693.37
2022,6/7/2023,61,67.71,56.48,3445.40,335.95,0.00,3781.35
2022,6/8/2023,64,71.58,60.29,3858.26,376.25,240.00,4474.51
2022,6/9/2023,69,76.04,65.37,4510.36,439.83,200.00,5150.19
2022,6/11/2023,34,39.58,57.83,1966.16,191.77,25.00,2182.93
2022,6/10/2023,71,78.12,73.99,5253.10,512.21,185.00,5950.31
2022,6/12/2023,38,43.75,55.96,2126.43,207.39,0.00,2333.82
2022,6/13/2023,39,44.33,54.83,2138.51,208.58,0.00,2347.09
2022,6/14/2023,44,50.00,57.97,2550.55,248.72,76.00,2875.27
2022,6/15/2023,50,57.45,59.00,2949.81,287.64,100.00,3337.45
2022,6/16/2023,39,46.24,77.21,3011.29,293.66,150.00,3454.95
2022,6/18/2023,24,29.17,55.55,1333.20,130.03,-9.15,1454.08
2022,6/19/2023,30,35.79,60.89,1826.72,178.15,50.00,2054.87
2022,6/20/2023,32,37.50,61.23,1959.43,191.10,30.00,2180.53
2022,6/17/2023,64,70.83,71.88,4600.16,448.63,40.00,5088.79
2022,6/21/2023,46,52.08,60.09,2763.97,269.54,0.00,3033.51
2022,6/22/2023,64,70.10,71.90,4601.28,448.73,226.83,5276.84
2022,6/25/2023,36,41.67,67.64,2434.86,237.48,295.00,2967.34
2022,6/23/2023,93,100.00,103.75,9649.15,834.74,0.00,10483.89
2022,6/26/2023,25,30.21,53.88,1347.10,131.37,34.00,1512.47
2022,6/27/2023,34,39.18,58.14,1976.91,192.77,15.00,2184.68
2022,6/24/2023,88,94.85,108.33,9532.87,929.50,220.00,10682.37
2022,6/28/2023,42,47.92,58.77,2468.25,240.71,40.00,2748.96
2022,6/29/2023,44,50.52,54.69,2406.35,234.67,5.00,2646.02
2022,6/30/2023,41,46.94,71.68,2938.80,286.61,200.00,3425.41
2022,3/1/2023,33,33.33,81.88,2702.04,263.47,2420.67,5386.18
2022,3/2/2023,36,36.36,44.62,1606.31,156.61,10.00,1772.92
2022,3/5/2023,15,15.15,34.78,521.69,50.87,135.00,707.56
2022,3/6/2023,22,22.22,42.09,926.02,90.28,-48046.46,-47030.16
2022,3/4/2023,66,66.67,70.90,4679.39,400.92,100.00,5180.31
2022,3/3/2023,69,69.70,66.29,4573.73,390.66,274.99,5239.38
2022,3/7/2023,29,29.29,37.19,1078.63,105.19,0.00,1183.82
2022,3/8/2023,29,29.29,39.70,1151.32,112.27,-2412.85,-1149.26
2022,3/9/2023,30,30.30,86.94,2608.06,254.27,3917.18,6779.51
2022,3/12/2023,22,22.22,50.76,1116.67,108.87,120.00,1345.54
2022,3/10/2023,43,43.43,64.03,2753.31,268.47,130.00,3151.78
2022,3/11/2023,56,56.57,68.74,3849.57,375.35,40.00,4264.92
2022,3/13/2023,31,31.31,44.94,1393.13,135.82,0.00,1528.95
2022,3/15/2023,,,,,,,
2022,3/16/2023,25,28.12,51.89,1400.95,136.62,-3.96,1533.61
2022,3/17/2023,41,46.32,53.61,2359.05,229.99,60.00,2649.04
2022,3/19/2023,16,19.79,46.77,888.55,86.62,10.00,985.17
2022,3/20/2023,,,,,,,
2022,3/18/2023,45,50.00,64.11,3077.22,299.99,115.28,3492.49
2022,3/21/2023,,,,,,,
2022,3/22/2023,35,39.58,51.17,1791.02,174.65,-83.11,1882.56
2022,3/23/2023,34,38.95,54.13,1840.33,179.43,125.00,2144.76
2022,3/25/2023,32,36.46,74.57,2386.27,232.66,50.00,2668.93
2022,3/24/2023,42,47.37,60.23,2529.76,246.68,0.00,2776.44
2022,12/15/2023,34,40.21,59.99,2039.80,198.85,120.00,2358.65
2022,3/27/2023,,,,,,,
2022,3/26/2023,12,15.62,57.65,691.81,67.45,150.00,909.26
2022,3/29/2023,34,38.54,51.71,1758.00,171.50,0.00,1929.50
2022,3/28/2023,,,,,,,
2022,3/31/2023,55,60.42,63.01,3465.64,338.02,80.00,3883.66
2022,5/2/2023,36,41.24,56.66,2039.76,198.83,0.00,2238.59
2022,3/30/2023,,,,,,,
2022,5/3/2023,41,46.39,56.75,2326.66,226.85,25.00,2578.51
2022,5/4/2023,50,55.67,51.34,2567.15,250.31,85.00,2902.46
2022,5/1/2023,,,,,,,
2022,5/7/2023,30,35.05,57.56,1726.66,168.33,61.11,1956.10
2022,5/6/2023,61,67.01,69.09,4214.58,410.97,16.50,4642.05
2022,5/8/2023,41,46.39,52.76,2163.08,210.96,160.00,2534.04
2022,5/9/2023,40,45.36,54.04,2161.70,210.87,0.00,2372.57
2022,5/5/2023,,,,,,,
2022,5/10/2023,37,42.27,52.58,1945.52,189.78,25.00,2160.30
2022,5/11/2023,42,47.42,53.83,2261.03,220.49,0.00,2481.52
2022,5/12/2023,49,54.64,61.24,3000.89,292.62,110.00,3403.51
2022,5/14/2023,23,27.84,54.48,1252.96,122.20,160.00,1535.16
2022,5/15/2023,34,39.18,53.24,1810.23,176.56,73.50,2060.29
2022,5/16/2023,37,42.27,53.37,1974.85,192.63,25.00,2192.48
2022,5/17/2023,40,45.36,51.24,2049.54,199.90,0.00,2249.44
2022,5/18/2023,42,47.42,54.87,2304.54,224.76,25.00,2554.30
2022,5/19/2023,40,45.36,61.29,2451.41,239.03,80.00,2770.44
2022,5/13/2023,51,56.70,67.21,3427.71,331.75,55.00,3814.46
2022,5/21/2023,32,37.50,54.57,1746.21,170.33,25.00,1941.54
2022,5/22/2023,35,40.21,54.91,1921.91,187.47,99.50,2208.88
2022,5/20/2023,40,45.36,66.82,2672.68,260.63,320.00,3253.31
2022,5/24/2023,43,48.45,55.43,2383.36,232.45,50.00,2665.81
2022,5/23/2023,46,51.55,51.44,2366.17,230.77,0.00,2596.94
2022,5/25/2023,40,46.32,58.98,2359.26,230.11,55.00,2644.37
2022,5/28/2023,26,30.93,58.84,1529.91,149.25,295.00,1974.16
2022,5/27/2023,51,57.29,82.77,4221.04,411.66,-188.52,4444.18
2022,5/29/2023,22,26.80,58.35,1283.77,125.22,0.00,1408.99
2022,5/26/2023,47,52.58,79.97,3758.55,366.48,84.50,4209.53
2022,5/30/2023,32,37.11,57.01,1824.34,177.93,0.00,2002.27
2022,5/31/2023,32,37.50,53.53,1713.05,167.08,30.00,1910.13
2022,11/1/2023,17,23.23,54.44,925.48,90.26,0.00,1015.74
2022,11/2/2023,20,26.26,56.50,1130.04,110.18,60.00,1300.22
2022,11/3/2023,22,28.28,68.45,1506.00,146.85,45.00,1697.85
2022,11/4/2023,22,28.28,90.79,1997.48,166.65,0.00,2164.13
2022,11/5/2023,14,20.20,58.34,816.69,79.62,25.00,921.31
2022,11/6/2023,28,35.05,55.00,1540.09,150.16,144.00,1834.25
2022,11/9/2023,21,27.55,58.61,1230.77,120.00,105.00,1455.77
2022,11/7/2023,26,32.32,57.10,1484.66,144.77,150.00,1779.43
2022,11/8/2023,22,28.57,56.44,1241.62,121.07,-60.00,1302.69
2022,11/10/2023,29,35.71,64.86,1881.02,183.44,60.00,2124.46
2022,11/11/2023,25,31.63,65.89,1647.19,160.59,75.00,1882.78
2022,11/13/2023,29,35.35,55.08,1597.45,155.94,25.00,1778.39
2022,11/12/2023,32,38.38,57.86,1851.37,180.49,65.00,2096.86
2022,11/14/2023,37,43.43,56.83,2102.72,205.22,125.00,2432.94
2022,11/15/2023,30,36.36,55.83,1674.79,163.29,60.00,1898.08
2022,11/16/2023,30,37.37,57.45,1723.42,168.01,25.00,1916.43
2022,11/17/2023,43,49.49,65.37,2810.80,274.02,125.00,3209.82
2022,11/20/2023,36,42.42,53.61,1930.12,188.20,122.81,2241.13
2022,11/19/2023,19,25.77,55.49,1054.22,102.78,150.00,1307.00
2022,11/18/2023,54,62.24,66.08,3568.54,347.89,87.81,4004.24
2022,11/21/2023,26,32.32,54.97,1429.10,139.35,0.00,1568.45
2022,11/25/2023,25,31.63,63.69,1592.21,155.22,85.00,1832.43
2022,11/23/2023,45,53.06,66.04,2971.67,289.68,25.00,3286.35
2022,11/24/2023,25,31.63,63.69,1592.21,155.22,85.00,1832.43
2022,11/26/2023,27,34.02,58.41,1576.99,153.75,240.00,1970.74
2022,11/29/2023,25,31.31,54.25,1356.21,132.25,60.00,1548.46
2022,11/27/2023,31,37.37,55.95,1734.38,169.09,43.84,1947.31
2022,11/30/2023,22,28.28,52.51,1155.19,112.64,0.00,1267.83
2022,10/3/2023,36,42.86,55.82,2009.48,195.94,60.00,2265.42
2022,10/1/2023,26,33.33,60.63,1576.28,153.68,150.00,1879.96
2022,10/4/2023,35,41.84,57.01,1995.47,194.60,0.00,2190.07
2022,10/2/2023,32,38.38,58.07,1858.33,181.18,40.00,2079.51
2022,10/5/2023,44,50.51,55.61,2447.03,238.62,85.00,2770.65
2022,10/6/2023,37,43.43,63.94,2365.77,230.73,0.00,2596.50
2022,10/7/2023,43,49.49,66.80,2872.39,280.03,250.00,3402.42
2022,10/9/2023,32,39.18,59.04,1889.41,184.24,5.00,2078.65
2022,10/8/2023,25,31.31,60.45,1511.16,147.38,0.00,1658.54
2022,10/11/2023,37,43.88,53.05,1962.78,191.39,0.00,2154.17
2022,10/10/2023,39,45.45,58.10,2266.07,220.96,110.00,2597.03
2022,10/12/2023,33,39.39,54.23,1789.56,174.50,25.00,1989.06
2022,10/15/2023,24,30.30,57.03,1368.74,133.49,25.00,1527.23
2022,10/16/2023,21,27.55,65.55,1376.50,134.21,25.00,1535.71
2022,10/14/2023,33,39.39,67.74,2235.56,217.99,60.34,2513.89
2022,10/17/2023,24,30.61,59.98,1439.63,140.38,30.00,1610.01
2022,10/19/2023,23,29.29,54.06,1243.43,121.23,0.00,1364.66
2022,10/18/2023,22,29.17,55.73,1226.01,125.41,110.00,1461.42
2022,10/13/2023,33,39.39,65.10,2148.27,209.49,85.00,2442.76
2022,10/22/2023,12,18.56,54.26,651.06,63.48,170.01,884.55
2022,10/23/2023,24,30.61,53.84,1292.18,125.99,175.00,1593.17
2022,10/20/2023,33,39.80,81.44,2687.64,262.00,150.00,3099.64
2022,10/21/2023,46,52.53,85.37,3926.80,382.85,315.27,4624.92
2022,10/24/2023,25,31.96,58.37,1459.29,142.47,-35.00,1566.76
2022,10/25/2023,17,23.47,61.60,1047.28,102.12,-60.00,1089.40
2022,10/26/2023,16,22.22,59.49,951.86,92.83,25.00,1069.69
2022,10/27/2023,14,20.20,71.69,1003.67,97.86,0.00,1101.53
2022,10/29/2023,14,20.20,56.01,784.11,76.49,25.00,885.60
2022,10/28/2023,21,27.27,69.48,1459.04,142.30,0.00,1601.34
2022,10/30/2023,22,28.28,50.40,1108.89,108.12,0.00,1217.01
2022,10/31/2023,21,27.27,56.33,1183.03,115.35,-4.38,1294.00
2022,9/4/2023,23,30.53,59.72,1373.57,133.91,25.10,1532.58
2022,9/1/2023,39,45.45,65.43,2551.62,248.76,100.00,2900.38
2022,9/2/2023,49,57.89,67.43,3304.14,322.17,280.25,3906.56
2022,9/3/2023,49,57.89,67.43,3304.14,322.17,280.25,3906.56
2022,9/5/2023,32,39.58,57.18,1829.66,178.43,100.00,2108.09
2022,9/6/2023,37,44.79,59.87,2215.31,216.01,85.00,2516.32
2022,9/7/2023,37,43.43,58.37,2159.67,210.57,17.58,2387.82
2022,9/11/2023,34,40.40,56.65,1926.15,187.85,0.00,2114.00
2022,9/12/2023,34,41.24,57.79,1964.72,191.60,125.00,2281.32
2022,9/13/2023,39,45.92,56.28,2195.06,214.03,110.00,2519.09
2022,9/14/2023,34,40.82,59.10,2009.27,195.89,45.85,2251.01
2022,9/18/2023,34,40.40,54.66,1858.46,181.21,25.00,2064.67
2022,9/19/2023,37,43.43,56.79,2101.13,204.88,60.00,2366.01
2022,9/20/2023,33,41.49,57.99,1913.68,186.82,20.00,2120.50
2022,9/21/2023,47,53.54,57.71,2712.53,264.50,25.00,3002.03
2022,9/25/2023,41,48.96,58.10,2382.22,232.28,65.00,2679.50
2022,9/26/2023,38,45.83,58.02,2204.82,214.98,85.00,2504.80
2022,9/27/2023,36,43.75,57.85,2082.46,203.04,65.00,2350.50
2022,9/28/2023,36,42.86,58.20,2095.15,204.26,50.00,2349.41
2022,9/29/2023,35,41.41,68.38,2393.25,215.80,85.02,2694.07
2022,9/30/2023,37,44.44,64.73,2395.17,251.08,170.00,2816.25
2022,4/1/2024,44,47.37,61.68,2714.13,265.15,-10.00,2969.28
2022,4/2/2024,29,31.91,58.98,1710.42,166.84,210.00,2087.26
2022,4/3/2024,45,48.42,58.81,2646.23,258.03,0.00,2904.26
2022,4/4/2024,55,58.95,57.35,3154.44,307.60,-25.00,3437.04
2022,4/5/2024,55,58.95,64.72,3559.83,347.14,190.00,4096.97
2022,4/6/2024,64,68.42,75.08,4805.00,464.24,253.41,5522.65
2022,4/7/2024,91,97.89,116.59,10610.11,992.31,71.59,11674.01
2022,4/8/2024,71,93.59,71.46,5073.35,494.80,0.02,5568.17
2022,4/9/2024,60,66.67,60.15,3608.70,354.92,125.00,4088.62
2022,4/11/2024,52,55.79,62.49,3249.32,316.85,0.61,3566.78
2022,4/10/2024,54,58.95,61.22,3305.94,322.33,135.00,3763.27
2022,4/13/2024,51,53.68,66.48,3390.43,330.64,95.00,3816.07
2022,4/14/2024,37,40.43,60.54,2240.13,215.04,295.00,2750.17
2022,4/12/2024,54,57.89,64.26,3469.91,338.41,198.17,4006.49
2022,4/15/2024,39,42.11,58.49,2280.98,222.45,180.54,2683.97
2022,4/16/2024,37,40.00,60.01,2220.47,216.53,25.00,2462.00
2022,4/17/2024,40,43.16,59.96,2398.40,233.90,25.00,2657.30
2022,4/18/2024,51,54.74,62.67,3196.01,311.66,50.00,3557.67
2022,4/19/2024,50,53.68,79.43,3971.70,387.33,-29.00,4330.03
2022,4/21/2024,32,34.74,59.03,1888.96,184.22,15.00,2088.18
2022,4/20/2024,77,84.21,93.48,7198.13,696.53,140.00,8034.66
2022,4/23/2024,29,32.63,61.38,1780.03,173.62,85.00,2038.65
2022,4/22/2024,43,47.37,56.96,2449.46,234.48,50.00,2733.94
2022,4/24/2024,35,38.95,58.85,2059.80,198.94,25.00,2283.74
2022,4/25/2024,38,42.11,68.94,2619.75,255.45,125.00,3000.20
2022,4/27/2024,46,49.47,78.35,3604.13,349.86,260.00,4213.99
2022,4/28/2024,22,24.47,82.81,1821.83,177.64,75.30,2074.77
2022,4/26/2024,58,63.16,71.58,4151.70,404.84,175.00,4731.54
2022,4/29/2024,33,36.17,60.66,2001.79,195.21,205.00,2402.00
2022,4/30/2024,29,31.91,59.76,1733.06,168.99,45.00,1947.05
2022,8/1/2024,29,32.99,63.51,1841.85,177.18,50.00,2069.03
2022,8/3/2024,47,52.08,79.88,3754.52,363.88,100.00,4218.40
2022,8/2/2024,43,47.42,75.66,3253.38,317.19,15.00,3585.57
2022,8/4/2024,21,24.74,57.48,1207.01,117.67,50.00,1374.68
2022,8/5/2024,26,29.90,57.41,1492.67,145.52,60.00,1698.19
2022,8/7/2024,33,37.11,54.94,1813.10,176.76,25.00,2014.86
2022,8/6/2024,39,43.30,55.17,2151.55,209.75,-291.21,2070.09
2022,8/8/2024,37,41.67,56.93,2106.34,205.38,25.00,2336.72
2022,8/9/2024,35,42.22,66.88,2340.79,228.21,0.00,2569.00
2022,8/10/2024,51,56.84,70.15,3577.88,348.84,-8.80,3917.92
2022,8/11/2024,28,32.29,55.62,1557.27,149.40,60.02,1766.69
2022,8/12/2024,23,26.80,58.85,1353.63,131.99,160.00,1645.62
2022,8/13/2024,36,41.05,55.56,2000.09,195.04,75.00,2270.13
2022,8/14/2024,31,40.48,54.68,1695.10,165.26,0.00,1860.36
2022,8/15/2024,45,50.52,74.20,3339.17,325.57,25.00,3689.74
2022,8/18/2024,22,26.60,53.95,1186.92,115.76,75.00,1377.68
2022,8/16/2024,69,75.26,88.07,6077.05,590.04,-10.00,6657.09
2022,8/17/2024,66,72.16,87.76,5792.17,564.69,165.00,6521.86
2022,8/19/2024,35,40.62,50.22,1808.02,176.34,160.00,2144.36
2022,8/21/2024,38,42.71,51.35,1951.38,190.30,25.00,2166.68
2022,8/20/2024,42,47.42,50.07,2153.06,209.96,105.00,2468.02
2022,8/22/2024,39,47.73,53.46,2084.85,203.29,110.00,2398.14
2022,8/23/2024,45,50.00,65.11,2929.99,285.65,270.00,3485.64
2022,8/24/2024,57,63.54,70.75,4032.91,388.83,304.85,4726.59
2022,8/25/2024,28,32.29,55.59,1556.48,151.81,100.00,1808.29
2022,8/26/2024,45,50.52,53.11,2389.96,233.07,25.00,2648.03
2022,8/27/2024,43,48.45,57.23,2460.83,235.61,25.00,2721.44
2022,8/28/2024,46,52.08,52.40,2410.35,235.05,205.00,2850.40
2022,8/29/2024,33,38.95,52.50,1732.35,168.92,5.00,1906.27
2022,8/30/2024,41,46.88,61.04,2502.64,244.00,85.00,2831.64
2022,8/31/2024,35,40.21,67.91,2376.84,220.71,160.00,2757.55
2022,12/1/2024,13,21.11,54.24,705.17,68.76,50.00,823.93
2022,12/3/2024,18,23.40,49.73,895.18,87.28,0.00,982.46
2022,12/2/2024,21,26.88,52.26,1097.44,106.99,0.00,1204.43
2022,12/4/2024,27,32.98,49.77,1343.82,131.21,0.00,1475.03
2022,12/6/2024,16,21.51,59.91,958.60,93.46,85.00,1137.06
2022,12/5/2024,21,26.88,59.91,1258.20,122.69,25.00,1405.89
2022,12/7/2024,13,18.28,60.31,783.98,76.46,0.00,860.44
2022,12/8/2024,9,14.13,53.08,477.70,46.58,120.00,644.28
2022,12/9/2024,19,24.47,54.45,1034.62,97.94,0.00,1132.56
2022,12/10/2024,18,23.40,55.01,990.26,96.54,0.00,1086.80
2022,12/12/2024,16,22.73,47.79,764.59,74.55,0.00,839.14
2022,12/11/2024,23,28.72,56.45,1298.24,125.11,0.00,1423.35
2022,12/13/2024,16,21.05,67.29,1076.56,104.97,0.00,1181.53
2022,12/14/2024,5,17.24,55.60,278.00,27.10,0.00,305.10
2022,12/15/2024,14,19.15,56.68,793.53,77.14,0.00,870.67
2022,12/16/2024,13,17.89,55.33,719.30,70.13,0.00,789.43
2022,12/18/2024,10,14.74,49.13,491.34,47.91,0.00,539.25
2022,12/17/2024,20,25.26,54.28,1085.57,105.85,0.00,1191.42
2022,12/19/2024,14,18.95,51.21,716.98,69.90,0.00,786.88
2022,12/21/2024,10,14.89,65.07,650.67,63.45,-60.00,654.12
2022,12/20/2024,13,18.09,60.38,785.00,76.54,75.00,936.54
2022,12/22/2024,8,12.77,61.16,489.28,47.71,0.00,536.99
2022,12/25/2024,8,12.63,63.64,509.14,47.18,0.00,556.32
2022,12/24/2025,10,14.74,69.10,690.98,57.53,25.00,773.51
2022,12/23/2024,13,18.09,54.63,710.19,69.24,0.00,779.43
2022,12/26/2024,16,21.05,54.95,879.17,85.73,40.00,1004.90
2022,12/28/2024,16,21.05,71.72,1147.54,111.89,125.00,1384.43
2022,12/27/2024,16,21.05,64.97,1039.52,101.35,110.00,1250.87
2022,12/29/2024,9,13.68,68.92,620.32,60.48,25.00,705.80
2022,12/31/2024,15,19.79,60.85,912.69,87.56,25.00,1025.25
2022,12/30/2024,14,18.95,53.44,748.20,72.96,-10.00,811.16
2022,2/1/2024,29,35.05,51.61,1496.71,145.91,85.00,1727.62
2022,2/5/2024,29,34.34,53.32,1546.19,150.78,-20.00,1676.97
2022,2/6/2024,35,40.40,56.30,1970.56,192.17,156.58,2319.31
2022,2/7/2024,31,36.73,51.87,1607.88,156.80,25.00,1789.68
2022,2/8/2024,33,38.38,55.64,1836.04,179.04,110.00,2125.08
2022,2/12/2024,29,31.58,56.55,1639.94,159.97,120.00,1919.91
2022,2/13/2024,27,30.11,61.08,1649.05,160.80,0.00,1809.85
2022,2/14/2024,40,44.09,56.68,2267.22,221.07,115.00,2603.29
2022,2/15/2024,37,38.95,65.01,2405.20,234.50,85.00,2724.70
2022,2/16/2024,44,47.87,69.83,3072.66,299.65,60.00,3432.31
2022,2/17/2024,54,58.51,71.58,3865.13,376.93,195.00,4437.06
2022,2/18/2024,27,29.79,58.56,1581.24,154.20,85.00,1820.44
2022,2/19/2024,22,24.47,62.73,1380.16,134.79,45.00,1559.95
2022,2/20/2024,26,28.72,58.20,1513.19,147.77,43.16,1704.12
2022,2/11/2024,,,,,,,
2022,2/22/2024,30,32.98,58.04,1741.08,169.79,40.00,1950.87
2022,2/23/2024,30,32.98,68.89,2066.57,201.53,210.00,2478.10
2022,2/24/2024,54,59.14,76.34,4122.38,401.99,100.00,4624.37
2022,2/25/2024,15,19.05,62.25,933.78,91.04,0.00,1024.82
2022,2/26/2024,23,25.26,61.66,1418.14,138.27,110.01,1666.42
2022,2/27/2024,25,27.37,63.27,1581.85,154.23,165.00,1901.08
2022,2/28/2024,28,30.53,60.25,1687.04,164.50,160.00,2011.54
2022,2/29/2024,35,37.89,59.82,2093.78,204.13,85.04,2382.95
2022,1/2/2024,20,26.04,52.31,1046.22,102.01,50.00,1198.23
2022,2/10/2024,,,,,,,
2022,1/1/2024,6,11.70,53.95,323.68,31.55,120.00,475.23
2022,1/3/2024,20,25.77,49.32,986.48,96.20,55.00,1137.68
2022,1/4/2024,24,28.87,49.40,1185.63,115.61,0.00,1301.24
2022,2/9/2024,30,32.63,69.44,2083.11,187.55,-1181.48,1089.18
2022,1/8/2024,15,20.20,50.40,755.97,73.73,60.00,889.70
2022,1/9/2024,15,20.20,55.32,829.87,80.92,85.00,995.79
2022,1/10/2024,,,,,,,
2022,1/14/2024,,,,,,,
2022,1/12/2024,,,,,,,
2022,1/15/2024,10,15.15,54.15,541.53,52.79,-60.00,534.32
2022,1/16/2024,18,23.23,52.04,936.78,91.34,0.00,1028.12
2022,1/17/2024,14,19.19,49.88,698.38,68.10,25.00,791.48
2022,1/18/2024,18,23.23,54.86,987.39,96.28,-60.00,1023.67
2022,1/11/2024,,,,,,,
2022,1/13/2024,,,,,,,
2022,1/22/2024,15,21.21,53.50,802.43,78.26,0.00,880.69
2022,1/23/2024,23,29.29,54.03,1242.78,121.19,0.00,1363.97
2022,1/24/2024,24,30.30,55.70,1336.89,130.38,85.70,1552.97
2022,1/25/2024,19,25.25,51.20,972.72,94.88,60.00,1127.60
2022,1/29/2024,26,31.63,51.28,1333.15,130.04,0.00,1463.19
2022,1/30/2024,20,25.51,51.22,1024.35,99.91,295.10,1419.36
2022,1/31/2024,24,29.59,50.48,1211.59,118.17,140.00,1469.76
2022,7/1/2024,17,20.62,67.10,1140.68,108.79,40.00,1289.47
2022,7/2/2024,25,28.87,59.48,1487.00,145.00,0.00,1632.00
2022,7/3/2024,27,30.93,67.45,1821.06,153.05,145.00,2119.11
2022,7/4/2024,25,30.21,75.47,1886.63,181.53,25.00,2093.16
2022,7/5/2024,26,29.90,83.46,2170.08,211.60,75.01,2456.69
2022,7/6/2024,30,34.02,77.76,2332.82,222.62,140.00,2695.44
2022,7/7/2024,31,35.05,57.00,1766.89,167.89,25.00,1959.78
2022,7/8/2024,41,50.52,52.58,2155.89,210.20,157.50,2523.59
2022,7/9/2024,42,46.39,53.86,2261.95,220.55,25.00,2507.50
2022,7/10/2024,39,43.30,54.85,2139.18,208.58,75.00,2422.76
2022,7/11/2024,56,61.46,57.57,3223.89,314.39,225.00,3763.28
2022,7/12/2024,51,55.67,70.93,3617.60,352.71,-34.46,3935.85
2022,7/13/2024,64,69.79,72.22,4622.24,450.66,100.00,5172.90
2022,7/14/2024,35,40.86,53.87,1885.51,179.68,35.00,2100.19
2022,7/15/2024,51,56.84,54.96,2803.04,273.29,75.00,3151.33
2022,7/16/2024,43,47.92,57.98,2492.97,243.04,301.90,3037.91
2022,7/17/2024,76,82.29,66.47,5052.00,492.56,25.00,5569.56
2022,7/18/2024,79,85.42,72.52,5729.34,555.20,165.00,6449.54
2022,7/19/2024,84,89.69,75.39,6333.15,617.52,90.00,7040.67
2022,7/20/2024,91,96.91,91.32,8310.02,806.50,240.00,9356.52
2022,7/21/2024,35,39.18,58.35,2042.09,199.36,175.00,2416.45
2022,7/23/2024,33,37.11,58.67,1936.10,188.75,45.00,2169.85
2022,7/22/2024,34,38.14,59.10,2009.45,196.32,0.00,2205.77
2022,7/24/2024,34,38.14,58.10,1975.39,192.57,75.00,2242.96
2022,7/25/2024,38,42.71,60.15,2285.85,220.45,-5.00,2501.30
2022,7/26/2024,56,61.46,70.57,3952.15,385.38,125.00,4462.53
2022,7/27/2024,64,69.79,79.23,5070.63,490.28,25.00,5585.91
2022,7/28/2024,25,29.79,60.92,1522.88,144.14,150.00,1817.02
2022,7/29/2024,34,39.36,55.16,1875.54,182.87,50.00,2108.41
2022,7/31/2024,28,31.96,51.44,1440.25,140.43,110.00,1690.68
2022,7/30/2024,26,30.53,59.49,1546.69,150.81,55.00,1752.50
2022,6/2/2024,22,26.04,68.27,1501.99,146.47,115.00,1763.46
2022,6/1/2024,40,45.26,78.84,3153.67,307.72,220.00,3681.39
2022,6/3/2024,31,35.42,64.67,2004.87,195.50,50.00,2250.37
2022,6/4/2024,24,28.42,61.46,1474.93,143.83,25.00,1643.76
2022,6/5/2024,24,30.34,59.33,1423.97,138.87,-190.89,1371.95
2022,6/6/2024,23,29.21,62.28,1432.52,139.71,25.00,1597.23
2022,6/9/2024,25,28.87,68.97,1724.25,167.60,35.00,1926.85
2022,6/8/2024,37,41.24,86.94,3216.96,300.62,80.00,3597.58
2022,6/7/2024,39,43.75,75.65,2950.53,277.27,100.00,3327.80
2022,6/11/2024,37,41.24,62.33,2306.34,224.92,85.00,2616.26
2022,6/10/2024,37,41.24,61.90,2290.29,219.87,-35.00,2475.16
2022,6/12/2024,47,52.08,60.57,2846.58,277.59,110.00,3234.17
2022,6/13/2024,66,73.40,62.43,4120.70,399.41,105.01,4625.12
2022,6/16/2024,21,25.26,65.80,1381.72,134.27,40.00,1555.99
2022,6/15/2024,52,62.22,83.26,4329.76,406.69,165.00,4901.45
2022,6/17/2024,27,30.93,59.31,1601.31,153.65,50.00,1804.96
2022,6/14/2024,70,76.29,85.29,5970.11,572.87,210.00,6752.98
2022,6/19/2024,33,37.11,67.72,2234.87,217.87,55.00,2507.74
2022,6/18/2024,26,29.90,56.99,1481.79,144.44,100.00,1726.23
2022,6/20/2024,31,35.05,76.44,2369.52,231.01,90.00,2690.53
2022,6/21/2024,68,73.20,85.25,5797.18,560.44,101.52,6459.14
2022,6/23/2024,18,21.88,70.66,1271.91,123.99,50.01,1445.91
2022,6/24/2024,23,26.80,58.18,1338.23,127.05,0.00,1465.28
2022,6/25/2024,42,46.39,57.56,2417.35,235.73,135.00,2788.08
2022,6/26/2024,41,44.33,56.98,2336.09,227.75,50.00,2613.84
2022,6/22/2024,86,91.75,91.30,7852.06,765.61,205.84,8823.51
2022,6/27/2024,50,54.64,55.36,2768.18,269.88,255.00,3293.06
2022,6/30/2024,18,21.65,64.59,1162.56,113.34,25.00,1300.90
2022,6/29/2024,36,40.21,73.15,2633.49,245.84,-321.19,2558.14
2022,6/28/2024,48,53.61,69.75,3348.15,326.50,100.00,3774.65
2022,3/4/2024,39,42.55,57.79,2253.64,219.80,240.00,2713.44
2022,3/2/2024,73,78.72,69.47,5070.98,494.49,260.01,5825.48
2022,3/1/2024,66,70.53,67.56,4458.89,434.73,85.00,4978.62
2022,3/3/2024,31,44.44,53.46,1657.24,161.61,225.00,2043.85
2022,3/5/2024,44,48.39,57.59,2533.76,247.11,30.00,2810.87
2022,3/7/2024,38,41.05,59.61,2265.32,220.97,255.00,2741.29
2022,3/6/2024,44,47.37,56.84,2500.85,237.97,-350.00,2388.82
2022,3/11/2024,51,55.32,56.63,2888.20,300.08,60.00,3248.28
2022,3/10/2024,42,52.44,59.42,2495.68,225.08,352.15,3072.91
2022,3/9/2024,66,70.53,70.27,4637.50,452.21,237.60,5327.31
2022,3/8/2024,54,57.89,64.12,3462.68,337.69,15.00,3815.37
2022,3/12/2024,51,54.74,57.00,2907.02,283.52,45.00,3235.54
2022,3/13/2024,45,48.42,59.90,2695.63,262.94,165.00,3123.57
2022,3/14/2024,48,51.58,59.06,2834.70,276.48,65.00,3176.18
2022,3/15/2024,50,53.68,62.04,3102.03,302.57,75.00,3479.60
2022,3/17/2024,25,27.37,56.54,1413.46,137.88,30.00,1581.34
2022,3/16/2024,50,53.68,64.32,3216.12,313.87,139.16,3669.15
2022,3/18/2024,46,49.47,58.12,2673.32,260.74,75.00,3009.06
2022,3/19/2024,44,47.37,58.72,2583.81,252.01,55.00,2890.82
2022,3/20/2024,54,57.89,56.56,3054.15,297.88,90.00,3442.03
2022,3/21/2024,51,54.74,58.49,2982.97,290.92,25.00,3298.89
2022,3/23/2024,67,71.58,62.38,4179.23,407.81,25.00,4612.04
2022,3/22/2024,66,71.28,63.66,4201.26,402.41,15.00,4618.67
2022,3/25/2024,46,49.47,58.44,2688.22,262.16,119.40,3069.78
2022,3/24/2024,40,43.62,60.48,2419.15,236.13,0.00,2655.28
2022,3/26/2024,45,48.42,59.52,2678.60,261.24,0.00,2939.84
2022,3/28/2024,53,58.06,62.50,3312.47,323.05,40.00,3675.52
2022,3/27/2024,54,57.89,60.60,3272.18,319.11,120.00,3711.29
2022,3/29/2024,58,62.11,66.89,3879.58,378.37,65.00,4322.95
2022,3/31/2024,30,32.98,60.03,1800.84,175.88,25.00,2001.72
2022,3/30/2024,58,62.11,66.03,3829.78,373.12,90.00,4292.90
2022,5/1/2024,34,36.84,56.99,1937.74,188.98,-483.40,1643.32
2022,5/2/2024,32,34.74,58.81,1881.90,183.51,60.00,2125.41
2022,5/5/2024,24,26.60,58.45,1402.88,136.79,-30.00,1509.67
2022,5/4/2024,41,45.74,70.80,2902.84,277.15,25.00,3204.99
2022,5/6/2024,20,22.34,57.90,1158.03,113.16,65.00,1336.19
2022,5/7/2024,21,23.66,59.03,1239.59,121.33,30.00,1390.92
2022,5/3/2024,33,35.79,66.60,2197.79,214.27,25.00,2437.06
2022,5/8/2024,32,34.74,58.09,1858.98,181.30,30.00,2070.28
2022,5/9/2024,35,37.89,66.88,2340.70,220.95,190.00,2751.65
2022,5/10/2024,33,36.84,78.56,2592.44,242.29,140.00,2974.73
2022,5/11/2024,50,54.74,67.23,3361.47,327.77,177.55,3866.79
2022,5/12/2024,23,26.32,58.18,1338.09,128.02,167.99,1634.10
2022,5/13/2024,28,31.58,60.50,1694.00,157.85,35.00,1886.85
2022,5/14/2024,31,34.04,58.72,1820.41,177.50,115.00,2112.91
2022,5/15/2024,35,38.71,54.55,1909.39,186.14,-45.00,2050.53
2022,5/16/2024,29,32.26,59.18,1716.30,167.37,85.00,1968.67
2022,5/17/2024,31,33.68,69.80,2163.89,208.57,180.00,2552.46
2022,5/19/2024,16,17.89,62.60,1001.56,97.70,25.00,1124.26
2022,5/20/2024,26,28.42,62.12,1615.04,157.47,25.00,1797.51
2022,5/18/2024,37,40.00,80.84,2991.17,291.07,270.01,3552.25
2022,5/21/2024,25,29.21,62.61,1565.20,152.63,85.00,1802.83
2022,5/22/2024,24,28.41,60.74,1457.75,142.14,25.00,1624.89
2022,5/23/2024,26,30.53,65.08,1692.16,161.62,40.00,1893.78
2022,5/24/2024,47,51.55,75.64,3555.06,346.66,150.00,4051.72
2022,5/26/2024,25,31.46,68.44,1710.98,166.85,50.00,1927.83
2022,5/27/2024,11,15.05,66.04,726.47,70.83,-10.00,787.30
2022,5/25/2024,45,50.00,81.22,3655.05,352.97,250.00,4258.02
2022,5/28/2024,17,21.28,59.98,1019.73,99.44,0.00,1119.17
2022,5/29/2024,20,23.71,61.02,1220.47,119.02,0.00,1339.49
2022,5/30/2024,23,27.08,65.46,1505.48,146.83,0.00,1652.31
2022,5/31/2024,24,28.12,68.65,1647.70,160.68,75.00,1883.38
2022,11/1/2024,29,32.63,61.62,1786.89,161.22,-20.00,1928.11
2022,11/3/2024,21,24.47,58.17,1221.59,114.09,-60.00,1275.68
2022,11/2/2024,31,34.74,63.43,1966.41,191.73,85.00,2243.14
2022,11/4/2024,24,27.37,56.08,1345.90,131.23,75.00,1552.13
2022,11/5/2024,31,34.74,54.32,1683.78,158.57,0.00,1842.35
2022,11/6/2024,32,37.78,53.69,1718.06,164.61,2041.04,3923.71
2022,11/7/2024,27,32.58,54.32,1466.65,143.02,0.00,1609.67
2022,11/8/2024,22,28.09,65.94,1450.74,141.40,203.13,1795.27
2022,11/10/2024,18,24.71,57.21,1029.69,100.41,25.00,1155.10
2022,11/9/2024,30,37.50,64.48,1934.51,188.58,15.00,2138.09
2022,11/11/2024,26,32.95,53.52,1391.47,135.70,40.00,1567.17
2022,11/12/2024,37,44.94,52.11,1928.15,188.01,0.00,2116.16
2022,11/13/2024,25,31.46,45.57,1139.37,111.09,0.00,1250.46
2022,11/14/2024,20,27.08,56.41,1128.12,103.31,0.00,1231.43
2022,11/15/2024,23,49.18,59.86,1436.63,130.89,0.00,1567.52
2022,11/18/2024,20,36.11,43.80,875.95,101.05,-35.00,942.00
2022,11/19/2024,21,37.50,52.26,1097.50,107.00,25.00,1229.50
2022,11/17/2024,18,34.78,58.89,1060.01,93.60,140.00,1293.61
2022,11/16/2024,28,54.84,38.69,1083.25,87.73,25.00,1195.98
2022,11/20/2024,24,36.14,50.15,1203.66,117.36,25.00,1346.02
2022,11/21/2024,18,29.27,53.56,964.09,93.99,75.00,1133.08
2022,11/22/2024,22,35.00,72.19,1588.08,154.84,85.00,1827.92
2022,11/23/2024,24,35.29,65.11,1562.59,146.44,50.00,1759.03
2022,11/24/2024,15,25.00,56.49,847.41,82.62,0.00,930.03
2022,11/25/2024,19,30.86,51.32,975.16,95.09,25.00,1095.25
2022,11/27/2024,20,28.26,55.99,1119.74,109.19,75.00,1303.93
2022,11/26/2024,23,31.52,58.69,1349.97,131.64,25.00,1506.61
2022,11/28/2024,23,31.52,57.14,1314.26,128.19,175.00,1617.45
2022,11/29/2024,20,28.89,78.47,1569.41,126.24,50.00,1745.65
2022,10/1/2024,50,61.63,57.43,2871.46,275.57,25.00,3172.03
2022,11/30/2024,29,38.89,67.67,1962.54,191.38,50.00,2203.92
2022,10/2/2024,55,62.77,57.00,3134.87,305.67,170.00,3610.54
2022,10/3/2024,45,50.00,58.28,2622.72,255.72,97.81,2976.25
2022,10/4/2024,57,62.50,58.91,3357.90,324.00,210.00,3891.90
2022,10/5/2024,81,87.50,57.54,4660.39,454.40,75.00,5189.79
2022,10/6/2024,55,66.67,53.05,2917.96,282.03,50.00,3249.99
2022,10/7/2024,40,54.43,55.75,2230.15,214.05,0.00,2444.20
2022,10/8/2024,44,49.47,54.77,2410.01,234.99,0.00,2645.00
2022,10/9/2024,43,48.42,54.00,2321.84,226.40,25.00,2573.24
2022,10/10/2024,47,57.47,56.76,2667.71,260.13,0.00,2927.84
2022,10/11/2024,42,52.33,61.17,2569.28,243.69,50.00,2862.97
2022,10/13/2024,39,48.28,55.83,2177.28,212.28,75.00,2464.56
2022,10/12/2024,55,67.44,63.61,3498.50,334.28,90.00,3922.78
2022,10/14/2024,44,51.65,56.23,2474.28,241.24,25.00,2740.52
2022,10/15/2024,43,50.00,56.54,2431.43,237.05,25.00,2693.48
2022,10/16/2024,33,40.91,57.30,1890.93,184.34,25.00,2100.27
2022,10/17/2024,36,42.86,57.48,2069.12,201.76,95.00,2365.88
2022,10/20/2024,24,28.12,60.04,1440.98,135.14,255.00,1831.12
2022,10/18/2024,86,92.71,79.01,6794.89,659.13,115.00,7569.02
2022,10/19/2024,92,98.96,84.95,7815.63,733.03,25.00,8573.66
2022,10/21/2024,35,39.58,57.92,2027.33,190.88,-65.00,2153.21
2022,10/22/2024,37,42.11,53.07,1963.61,191.52,25.00,2180.13
2022,10/25/2024,32,36.46,60.04,1921.29,187.33,75.00,2183.62
2022,10/23/2024,39,43.75,53.57,2089.10,203.72,135.00,2427.82
2022,10/24/2024,43,47.92,53.95,2319.82,226.22,90.00,2636.04
2022,10/26/2024,29,33.33,60.78,1762.62,166.84,40.00,1969.46
2022,10/27/2024,25,28.72,61.07,1526.86,137.85,0.00,1664.71
2022,10/28/2024,27,30.53,52.77,1424.90,138.94,25.00,1588.84
2022,10/29/2024,31,34.74,51.11,1584.42,154.50,0.00,1738.92
2022,10/30/2024,27,30.53,50.77,1370.73,133.66,60.00,1564.39
2022,9/2/2024,26,30.93,56.47,1468.17,140.70,-10.00,1598.87
2022,9/1/2024,33,39.78,56.43,1862.13,179.12,125.00,2166.25
2022,9/3/2024,43,48.45,53.32,2292.87,223.58,120.00,2636.45
2022,10/31/2024,33,36.84,52.79,1742.19,170.10,0.00,1912.29
2022,9/4/2024,46,51.55,54.56,2509.65,244.71,155.00,2909.36
2022,9/5/2024,32,37.11,53.87,1723.97,168.10,0.00,1892.07
2022,9/7/2024,50,55.67,60.41,3020.41,294.77,-35.00,3280.18
2022,9/6/2024,50,55.67,60.09,3004.53,292.98,260.00,3557.51
2022,9/8/2024,30,35.05,54.15,1624.40,158.37,-35.00,1747.77
2022,9/9/2024,42,47.42,54.74,2298.98,224.14,25.00,2548.12
2022,9/10/2024,41,46.39,54.35,2228.24,217.20,25.00,2470.44
2022,9/11/2024,44,49.48,55.35,2435.44,237.44,100.00,2772.88
2022,9/12/2024,39,43.30,57.19,2230.52,217.41,25.02,2472.95
2022,9/13/2024,43,47.92,61.04,2624.54,255.87,60.00,2940.41
2022,9/14/2024,53,57.73,64.35,3410.66,332.55,2.19,3745.40
2022,9/16/2024,45,49.48,53.41,2403.53,234.33,0.00,2637.86
2022,9/15/2024,44,48.45,55.12,2425.22,234.04,0.00,2659.26
2022,9/17/2024,67,73.68,55.72,3733.16,364.01,25.00,4122.17
2022,9/18/2024,59,64.58,53.46,3154.35,307.57,0.00,3461.92
2022,9/19/2024,54,60.00,54.42,2938.67,286.54,120.00,3345.21
2022,9/20/2024,63,69.47,60.32,3800.23,370.56,135.05,4305.84
2022,9/21/2024,54,60.00,60.48,3265.86,318.39,-60.00,3524.25
2022,9/22/2024,41,46.32,58.05,2379.87,232.01,0.00,2611.88
2022,9/23/2024,50,55.79,53.66,2682.83,261.51,0.00,2944.34
2022,9/24/2024,46,55.06,54.04,2485.61,242.38,70.00,2797.99
2022,9/25/2024,47,56.18,56.23,2642.97,251.42,25.00,2919.39
2022,9/26/2024,53,59.57,58.24,3086.75,298.58,120.00,3505.33
2022,9/27/2024,51,56.84,63.76,3251.98,308.31,-40.00,3520.29
2022,9/28/2024,54,60.00,63.67,3437.93,332.85,50.00,3820.78
2022,9/29/2024,40,45.26,56.79,2271.61,219.08,0.00,2490.69
2022,4/1/2025,54,61.46,51.89,2802.00,273.15,145.01,3220.16
2022,9/30/2024,51,64.29,55.57,2834.00,276.38,0.00,3110.38
2022,4/2/2025,51,59.38,54.54,2781.77,271.19,160.00,3212.96
2022,4/3/2025,41,48.96,55.96,2294.29,219.25,-10.00,2503.54
2022,4/4/2025,45,53.12,60.76,2734.26,263.25,286.20,3283.71
2022,4/6/2025,35,41.05,61.43,2150.06,179.39,170.00,2499.45
2022,4/7/2025,38,44.68,53.52,2033.94,191.61,355.20,2580.75
2022,4/5/2025,64,71.58,65.92,4218.67,411.36,340.00,4970.03
2022,4/8/2025,40,44.79,54.11,2164.41,204.29,110.00,2478.70
2022,4/9/2025,30,34.02,54.67,1640.01,153.19,25.00,1818.20
2022,4/10/2025,35,39.18,54.33,1901.40,178.80,85.00,2165.20
2022,4/11/2025,53,58.33,64.88,3438.56,327.90,390.00,4156.46
2022,4/13/2025,32,36.84,54.94,1758.16,167.00,380.00,2305.16
2022,4/14/2025,33,37.89,52.33,1726.83,168.34,-65.00,1830.17
2022,4/12/2025,66,72.63,67.14,4430.98,422.09,-99.99,4753.08
2022,4/15/2025,34,38.95,53.55,1820.63,174.60,25.00,2020.23
2022,4/16/2025,35,39.58,52.40,1834.14,178.87,110.00,2123.01
2022,4/17/2025,39,43.75,52.65,2053.22,200.27,100.00,2353.49
2022,4/18/2025,41,47.37,63.39,2598.90,253.35,-60.00,2792.25
2022,4/19/2025,40,45.26,62.42,2496.72,243.45,10.00,2750.17
2022,4/20/2025,32,37.23,53.96,1726.79,168.34,-5.00,1890.13
2022,4/21/2025,33,37.50,56.78,1873.66,182.64,85.00,2141.30
2022,4/22/2025,42,55.56,52.12,2189.02,213.39,95.00,2497.41
2022,4/23/2025,40,54.32,54.04,2215.76,218.01,170.00,2603.77
2022,4/24/2025,54,58.76,58.95,3183.46,310.43,-81.34,3412.55
2022,4/27/2025,30,34.02,56.63,1699.00,165.62,-74.99,1789.63
2022,4/28/2025,24,27.84,59.38,1425.19,138.97,0.00,1564.16
2022,4/26/2025,93,98.97,78.50,7300.54,700.11,95.00,8095.65
2022,4/25/2025,84,89.69,71.75,6027.25,580.80,55.00,6663.05
2022,4/29/2025,34,38.14,57.54,1956.41,190.77,0.00,2147.18
2022,4/30/2025,34,38.14,55.79,1896.85,184.25,8.61,2089.71
2022,8/3/2025,37,42.11,57.95,2144.15,267.03,0.00,2411.18
2022,8/1/2025,72,79.79,68.60,4939.37,611.95,60.00,5611.32
2022,8/2/2025,73,80.85,69.94,5105.32,628.56,0.00,5733.88
2022,8/4/2025,52,57.29,56.67,2946.69,363.01,0.00,3309.70
2022,8/5/2025,41,45.83,58.25,2388.36,298.11,120.00,2806.47
2022,8/7/2025,36,41.05,61.25,2205.11,272.93,150.00,2628.04
2022,8/8/2025,46,51.04,66.11,3040.93,387.71,90.00,3518.64
2022,8/6/2025,43,47.92,58.92,2533.58,312.92,45.00,2891.50
2022,8/10/2025,29,33.68,60.20,1745.78,216.22,0.00,1962.00
2022,8/9/2025,57,64.52,69.30,3949.97,494.06,15.00,4459.03
2022,8/11/2025,36,40.21,59.84,2154.11,270.25,60.60,2484.96
2022,8/12/2025,40,44.79,56.44,2257.43,287.89,20.00,2565.32
2022,8/13/2025,38,42.71,59.74,2270.11,283.40,0.00,2553.51
2022,8/14/2025,59,64.58,73.43,4332.11,537.81,0.00,4869.92
2022,8/17/2025,32,36.08,69.58,2226.42,274.35,0.00,2500.77
2022,8/18/2025,21,25.00,55.53,1166.09,145.50,0.00,1311.59
2022,8/15/2025,88,93.81,84.01,7392.55,922.26,0.00,8314.81
2022,8/16/2025,91,96.91,83.68,7615.26,952.73,0.09,8568.08
2022,8/19/2025,29,33.33,56.42,1636.09,200.98,60.00,1897.07
2022,8/20/2025,30,34.02,58.70,1761.07,211.80,0.00,1972.87
2022,8/21/2025,29,32.99,55.36,1605.54,201.52,60.00,1867.06
2022,8/22/2025,43,47.42,65.12,2800.37,353.88,60.00,3214.25
2022,8/23/2025,49,54.64,65.60,3214.30,396.10,155.00,3765.40
2022,8/25/2025,33,37.50,54.59,1801.50,223.32,-60.00,1964.82
2022,8/24/2025,29,33.33,59.76,1733.08,211.44,-60.00,1884.52
2022,8/26/2025,35,39.58,53.41,1869.45,238.38,80.00,2187.83
2022,8/27/2025,36,41.05,53.70,1933.09,240.15,0.00,2173.24
2022,8/28/2025,33,37.89,58.50,1930.44,241.75,60.00,2232.19
2022,8/29/2025,47,53.19,65.06,3057.83,380.34,-60.00,3378.17
2022,8/30/2025,44,49.47,72.23,3178.19,388.03,120.00,3686.22
2022,8/31/2025,24,28.42,60.99,1463.77,183.50,5.00,1652.27
2022,12/2/2025,42,55.42,49.11,2062.53,263.06,50.00,2375.59
2022,12/1/2025,41,56.25,49.39,2024.95,258.22,120.00,2403.17
2022,12/3/2025,40,53.01,48.17,1926.69,245.70,130.00,2302.39
2022,12/4/2025,45,59.76,47.95,2157.81,275.19,125.00,2558.00
2022,12/6/2025,39,53.09,55.97,2182.84,278.29,85.00,2546.13
2022,12/7/2025,33,45.68,47.74,1575.56,200.91,-10.00,1766.47
2022,12/5/2025,39,53.09,54.41,2122.06,270.61,-95.00,2297.67
2022,12/8/2025,46,61.73,49.59,2281.24,290.85,15.00,2587.09
2022,12/9/2025,45,60.49,48.44,2179.75,277.96,170.00,2627.71
2022,12/11/2025,46,60.24,49.19,2262.81,288.49,100.00,2651.30
2022,12/10/2025,51,65.48,49.08,2503.08,319.12,110.00,2932.20
2022,12/12/2025,49,63.10,54.80,2685.06,342.41,50.00,3077.47
2022,12/13/2025,47,60.71,56.15,2638.88,336.52,50.00,3025.40
2022,12/14/2025,40,52.38,52.01,2080.58,265.31,75.00,2420.89
2022,12/15/2025,44,57.14,54.25,2387.14,304.40,195.00,2886.54
2022,12/17/2025,42,54.76,52.99,2225.45,283.76,25.00,2534.21
2022,12/16/2025,43,55.95,51.53,2215.67,282.53,25.00,2523.20
2022,12/18/2025,31,41.67,51.14,1585.44,202.14,85.00,1872.58
2022,12/19/2025,29,39.29,57.48,1666.84,205.16,75.00,1947.00
2022,2/2/2025,12,16.49,55.56,666.67,65.03,15.00,746.70
2022,12/22/2025,32,50.00,52.35,1675.20,206.24,50.00,1931.44
2022,12/20/2025,28,38.10,60.10,1682.66,207.18,40.00,1929.84
2022,2/3/2025,10,14.43,57.04,570.36,52.21,0.00,622.57
2022,2/4/2025,13,17.53,50.01,650.14,63.38,0.00,713.52
2022,2/5/2025,15,19.59,47.57,713.59,69.57,0.00,783.16
2022,2/7/2025,32,37.11,58.14,1860.41,181.43,25.00,2066.84
2022,2/6/2025,14,18.56,47.97,671.57,65.49,40.00,777.06
2022,2/9/2025,13,17.71,51.69,671.93,63.08,-50.00,685.01
2022,2/8/2025,35,40.62,61.18,2141.36,208.80,100.00,2450.16
2022,2/10/2025,11,16.67,84.05,924.56,90.17,25.00,1039.73
2022,2/11/2025,18,23.96,46.25,832.50,81.14,0.00,913.64
2022,2/12/2025,26,32.29,47.17,1226.30,119.55,0.00,1345.85
2022,2/13/2025,30,36.08,46.82,1404.72,133.51,60.00,1598.23
2022,2/14/2025,45,52.08,61.34,2760.31,269.13,60.73,3090.17
2022,2/15/2025,46,52.58,58.01,2668.39,260.21,75.00,3003.60
2022,2/16/2025,29,34.02,49.46,1434.47,136.44,93.68,1664.59
2022,2/17/2025,27,32.29,46.58,1257.62,122.64,-90.00,1290.26
2022,2/18/2025,21,26.04,43.40,911.38,88.86,0.00,1000.24
2022,2/19/2025,30,35.42,52.97,1589.20,154.96,0.00,1744.16
2022,2/20/2025,30,35.42,46.89,1406.66,137.13,0.00,1543.79
2022,2/22/2025,24,28.87,56.33,1351.91,124.54,15.00,1491.45
2022,2/21/2025,32,37.11,53.20,1702.24,165.98,15.00,1883.22
2022,2/23/2025,20,24.74,45.41,908.20,88.57,60.00,1056.77
2022,2/24/2025,24,28.87,48.09,1154.04,112.53,60.00,1326.57
2022,2/26/2025,20,24.74,50.42,1008.34,98.32,0.00,1106.66
2022,2/25/2025,27,31.96,51.47,1389.70,135.50,40.00,1565.20
2022,2/27/2025,21,25.77,47.81,1004.08,97.91,0.00,1101.99
2022,1/1/2025,12,16.67,48.53,582.40,56.78,200.00,839.18
2022,1/2/2025,15,20.83,51.51,772.60,75.32,25.00,872.92
2022,1/3/2025,11,15.62,60.96,670.57,65.38,85.00,820.95
2022,1/4/2025,11,15.62,65.43,719.72,70.16,-60.00,729.88
2022,2/28/2025,40,45.36,57.18,2287.13,216.22,25.00,2528.35
2022,1/5/2025,10,15.62,51.26,512.58,49.97,0.00,562.55
2022,1/6/2025,20,25.00,52.79,1055.86,102.93,60.00,1218.79
2022,1/7/2025,22,27.08,49.76,1094.73,106.72,0.00,1201.45
2022,1/8/2025,18,22.68,46.76,841.63,82.05,85.00,1008.68
2022,1/9/2025,16,20.62,49.63,794.03,77.42,-10.00,861.45
2022,1/11/2025,20,25.00,60.70,1213.96,118.29,54.00,1386.25
2022,1/10/2025,27,31.96,62.71,1693.05,162.64,40.00,1895.69
2022,1/12/2025,13,17.53,47.11,612.41,59.66,0.00,672.07
2022,1/13/2025,18,22.68,49.26,886.60,86.43,-54.00,919.03
2022,1/14/2025,17,21.88,52.38,890.40,86.84,25.00,1002.24
2022,1/15/2025,21,25.77,50.58,1062.23,103.60,0.00,1165.83
2022,1/16/2025,16,20.83,51.92,830.67,81.02,0.00,911.69
2022,1/17/2025,15,19.79,60.64,909.61,88.68,62.49,1060.78
2022,1/18/2025,13,17.71,63.48,825.25,71.60,-60.00,836.85
2022,1/19/2025,9,13.54,51.20,460.83,44.93,0.00,505.76
2022,1/20/2025,16,20.83,52.79,844.69,82.36,60.00,987.05
2022,1/21/2025,13,16.67,48.77,634.01,61.85,20.00,715.86
2022,1/22/2025,19,24.21,47.90,910.08,88.06,60.00,1058.14
2022,1/23/2025,12,16.84,56.65,679.75,56.23,60.00,795.98
2022,1/24/2025,17,22.11,53.58,910.80,88.80,-60.00,939.60
2022,1/25/2025,29,34.74,66.03,1914.88,166.55,160.00,2241.43
2022,1/26/2025,13,17.71,56.34,732.38,72.54,25.40,830.32
2022,1/27/2025,16,20.83,47.81,764.97,74.57,50.00,889.54
2022,1/28/2025,22,26.80,48.70,1071.46,104.46,-10.00,1165.92
2022,1/30/2025,17,21.65,50.26,854.48,83.30,25.00,962.78
2022,1/29/2025,26,30.93,49.39,1284.04,125.19,70.00,1479.23
2022,1/31/2025,20,25.53,53.88,1077.60,105.10,25.00,1207.70
2022,7/1/2025,51,55.67,58.02,2958.77,370.95,20.00,3349.72
2022,7/3/2025,49,54.17,56.39,2763.10,339.61,-64.21,3038.50
2022,7/2/2025,49,55.21,58.93,2887.66,365.04,53.70,3306.40
2022,7/4/2025,56,61.46,69.28,3879.64,480.63,0.00,4360.27
2022,7/5/2025,50,55.21,68.30,3414.80,423.90,60.00,3898.70
2022,7/6/2025,41,45.83,60.39,2475.94,287.09,60.00,2823.03
2022,7/7/2025,50,55.21,57.28,2864.17,362.07,0.00,3226.24
2022,7/8/2025,50,55.21,56.62,2831.16,357.84,0.00,3189.00
2022,7/9/2025,47,52.63,57.96,2724.03,338.44,-52.10,3010.37
2022,7/10/2025,48,53.68,54.83,2631.64,335.60,60.00,3027.24
2022,7/11/2025,48,54.64,67.93,3260.81,400.79,60.00,3721.60
2022,7/12/2025,55,60.61,68.07,3743.59,458.14,-90.00,4111.73
2022,7/13/2025,38,43.43,58.18,2210.85,272.42,0.60,2483.87
2022,7/14/2025,50,55.56,57.95,2897.55,351.00,-35.00,3213.55
2022,7/15/2025,50,55.56,57.75,2887.33,365.00,0.00,3252.33
2022,7/16/2025,72,77.78,61.80,4449.43,550.72,5.00,5005.15
2022,7/17/2025,70,76.77,63.83,4467.82,563.27,30.00,5061.09
2022,7/18/2025,88,94.95,76.39,6722.68,839.34,60.00,7622.02
2022,7/20/2025,45,51.02,65.33,2939.93,366.42,120.00,3426.35
2022,7/21/2025,50,56.70,60.05,3002.72,371.35,-60.00,3314.07
2022,7/19/2025,80,86.73,81.65,6532.39,819.56,0.01,7351.96
2022,7/22/2025,54,60.20,58.46,3156.72,400.58,60.00,3617.30
2022,7/23/2025,52,58.16,58.21,3027.03,377.63,0.00,3404.66
2022,7/24/2025,60,67.02,62.06,3723.54,461.39,0.00,4184.93
2022,7/25/2025,78,84.38,70.59,5505.65,687.27,-30.00,6162.92
2022,7/27/2025,44,48.96,54.35,2391.52,296.68,0.01,2688.21
2022,7/26/2025,74,80.21,73.76,5457.99,672.99,0.00,6130.98
2022,7/28/2025,55,60.42,59.20,3255.86,403.12,20.00,3678.98
2022,7/29/2025,59,63.92,56.39,3327.02,422.17,0.00,3749.19
2022,7/30/2025,69,74.23,56.64,3907.91,488.94,-9.23,4387.62
2022,7/31/2025,52,58.51,66.32,3448.51,395.61,60.00,3904.12
2022,6/1/2025,0,,0.00,0.00,0.00,0.00,0.00
2022,6/2/2025,44,49.47,57.73,2540.02,320.64,-60.00,2800.66
2022,6/3/2025,42,47.87,57.94,2433.31,307.14,0.01,2740.46
2022,6/4/2025,45,52.17,59.13,2660.81,336.05,40.00,3036.86
2022,6/5/2025,45,51.06,61.25,2756.14,340.56,0.00,3096.70
2022,6/6/2025,55,61.70,65.51,3603.32,453.06,0.00,4056.38
2022,6/7/2025,64,72.04,65.14,4169.18,526.09,26.54,4721.81
2022,6/8/2025,38,45.05,57.32,2178.31,277.74,46.09,2502.14
2022,6/9/2025,48,56.04,55.75,2675.93,341.17,52.10,3069.20
2022,6/10/2025,49,55.91,57.24,2804.90,357.62,-44.99,3117.53
2022,6/11/2025,71,77.08,74.11,5261.93,667.65,0.00,5929.58
2022,6/12/2025,46,52.08,61.22,2816.27,355.88,0.00,3172.15
2022,6/13/2025,42,47.92,66.30,2784.56,345.48,-3.12,3126.92
2022,6/14/2025,37,43.16,65.83,2435.85,304.24,-50.00,2690.09
2022,6/15/2025,25,30.53,53.08,1327.12,169.21,35.00,1531.33
2022,6/16/2025,48,53.68,54.17,2600.18,325.21,98.97,3024.36
2022,6/18/2025,52,57.89,54.05,2810.54,352.07,60.00,3222.61
2022,6/17/2025,52,57.89,52.41,2725.16,343.09,0.00,3068.25
2022,6/19/2025,61,67.37,60.35,3681.21,457.87,60.00,4199.08
2022,6/22/2025,49,53.61,58.13,2848.56,355.53,0.00,3204.09
2022,6/20/2025,71,77.89,66.08,4691.77,591.83,0.00,5283.60
2022,6/23/2025,56,60.82,57.44,3216.37,406.89,180.00,3803.26
2022,6/21/2025,68,74.74,70.03,4762.28,587.40,27.80,5377.48
2022,6/24/2025,47,51.55,58.61,2754.79,332.13,0.00,3086.92
2022,6/25/2025,42,46.39,57.00,2393.87,302.04,-60.00,2635.91
2022,6/26/2025,51,55.67,57.55,2934.84,367.86,180.00,3482.70
2022,6/27/2025,72,77.32,68.45,4928.28,598.36,20.00,5546.64
2022,6/29/2025,40,44.79,58.66,2346.40,282.00,68.00,2696.40
2022,6/28/2025,71,76.29,71.83,5100.02,636.18,0.00,5736.20
2022,6/30/2025,51,57.29,57.16,2914.92,358.03,-60.00,3212.95
2022,3/2/2025,28,32.99,61.82,1730.95,168.79,65.23,1964.97
2022,3/1/2025,41,46.39,57.90,2373.74,229.01,-10.00,2592.75
2022,3/4/2025,27,31.96,51.87,1400.38,136.60,105.00,1641.98
2022,3/3/2025,35,40.21,54.48,1906.77,180.60,0.00,2087.37
2022,3/5/2025,28,32.99,51.57,1443.82,140.82,25.00,1609.64
2022,3/6/2025,26,30.93,52.51,1365.18,133.12,25.00,1523.30
2022,3/7/2025,43,48.45,61.93,2663.18,259.64,75.00,2997.82
2022,3/8/2025,47,53.68,62.23,2924.62,282.69,100.02,3307.33
2022,3/10/2025,30,35.42,50.08,1502.29,146.48,25.00,1673.77
2022,3/9/2025,21,26.04,54.74,1149.59,112.08,50.00,1311.67
2022,3/11/2025,36,41.67,49.44,1779.80,173.53,-60.00,1893.33
2022,3/13/2025,29,32.99,49.52,1436.01,140.04,25.00,1601.05
2022,3/12/2025,33,38.14,50.72,1673.82,163.20,0.00,1837.02
2022,3/14/2025,37,41.24,62.88,2326.64,223.46,110.00,2660.10
2022,3/16/2025,23,27.08,45.87,1054.90,116.45,60.00,1231.35
2022,3/17/2025,31,35.42,55.17,1710.36,160.93,0.00,1871.29
2022,3/18/2025,33,37.50,51.48,1698.75,165.65,-40.00,1824.40
2022,3/15/2025,57,61.86,64.30,3665.37,355.01,7.64,4028.02
2022,3/20/2025,37,42.11,53.09,1964.17,191.58,0.00,2155.75
2022,3/21/2025,47,52.63,61.27,2879.81,280.81,70.00,3230.62
2022,3/19/2025,29,33.68,52.14,1512.17,147.46,205.13,1864.76
2022,3/22/2025,54,60.00,61.96,3345.76,326.28,40.00,3712.04
2022,3/23/2025,20,24.21,47.72,954.42,90.65,0.00,1045.07
2022,3/25/2025,36,40.21,50.96,1834.41,178.90,0.00,2013.31
2022,3/26/2025,31,37.50,48.03,1488.83,145.21,0.00,1634.04
2022,3/24/2025,32,36.46,53.35,1707.24,164.06,0.00,1871.30
2022,3/27/2025,35,41.67,53.80,1883.04,183.58,0.00,2066.62
2022,3/29/2025,44,51.58,59.35,2611.51,253.59,108.41,2973.51
2022,3/30/2025,31,37.89,54.21,1680.58,160.47,25.00,1866.05
2022,3/28/2025,44,51.04,62.50,2750.11,264.70,25.00,3039.81
2022,3/31/2025,40,47.37,53.39,2135.46,208.18,85.00,2428.64
2022,5/1/2025,34,38.14,61.18,2080.12,143.35,-78.80,2144.67
2022,5/2/2025,70,75.26,70.82,4957.38,727.42,47.00,5731.80
2022,5/4/2025,44,48.96,54.27,2387.98,287.14,65.00,2740.12
2022,5/3/2025,74,80.21,74.23,5493.19,656.72,101.14,6251.05
2022,5/5/2025,54,59.38,54.00,2916.09,368.99,15.00,3300.08
2022,5/6/2025,43,47.92,54.91,2361.00,291.40,66.00,2718.40
2022,5/7/2025,46,52.08,57.86,2661.68,328.34,38.61,3028.63
2022,5/8/2025,46,52.08,55.84,2568.46,317.58,0.00,2886.04
2022,5/9/2025,64,69.79,64.55,4131.11,516.57,15.00,4662.68
2022,5/10/2025,62,67.71,66.60,4129.16,516.25,46.80,4692.21
2022,5/11/2025,47,52.08,55.99,2631.33,330.53,0.00,2961.86
2022,5/12/2025,54,59.38,51.67,2790.24,352.62,0.00,3142.86
2022,5/14/2025,65,72.63,56.38,3664.58,460.08,0.00,4124.66
2022,5/13/2025,75,82.98,54.09,4056.93,515.55,0.00,4572.48
2022,5/15/2025,65,72.63,56.25,3656.06,462.54,0.00,4118.60
2022,5/16/2025,65,75.79,64.37,4184.13,524.52,0.00,4708.65
2022,5/17/2025,65,75.00,65.38,4249.69,529.47,0.00,4779.16
2022,5/18/2025,57,63.16,53.29,3037.56,384.07,173.40,3595.03
2022,5/19/2025,61,66.67,52.43,3198.44,395.02,-120.00,3473.46
2022,5/20/2025,54,59.38,56.41,3046.34,380.22,0.00,3426.56
2022,5/22/2025,52,57.29,54.45,2831.61,355.86,0.00,3187.47
2022,5/21/2025,56,61.46,53.34,2986.97,377.65,60.00,3424.62
2022,5/23/2025,67,72.16,63.43,4249.87,526.01,0.00,4775.88
2022,5/26/2025,29,34.78,58.08,1684.24,203.31,-180.00,1707.55
2022,5/25/2025,45,51.61,61.72,2777.24,345.87,180.00,3303.11
2022,5/24/2025,91,96.91,73.40,6679.01,836.17,19.17,7534.35
2022,5/27/2025,43,47.92,54.62,2348.82,296.33,30.01,2675.16
2022,5/28/2025,46,51.04,55.47,2551.60,325.39,60.00,2936.99
2022,5/29/2025,49,57.78,56.75,2780.88,351.48,-53.40,3078.96
2022,5/30/2025,50,57.61,64.78,3239.00,397.04,60.00,3696.04
2022,11/2/2025,35,47.62,49.20,1771.05,225.83,85.00,2081.88
2022,5/31/2025,51,58.70,67.40,3437.32,410.21,0.01,3847.54
2022,11/3/2025,48,63.41,54.01,2592.26,330.51,50.00,2972.77
2022,11/4/2025,43,54.12,52.81,2270.94,289.55,25.00,2585.49
2022,11/5/2025,44,55.95,53.54,2355.89,300.41,65.00,2721.30
2022,11/6/2025,41,51.76,53.32,2186.07,278.76,145.00,2609.83
2022,11/9/2025,42,55.42,55.18,2317.36,294.14,-60.00,2551.50
2022,11/8/2025,61,77.38,63.03,3845.13,490.34,115.00,4450.47
2022,11/7/2025,66,83.33,58.99,3893.49,496.38,0.00,4389.87
2022,11/10/2025,50,65.85,51.08,2554.23,325.67,75.00,2954.90
2022,11/12/2025,44,57.83,51.96,2286.21,291.50,85.00,2662.71
2022,11/13/2025,37,49.40,51.69,1912.62,243.89,25.00,2181.51
2022,11/11/2025,51,67.90,53.21,2713.60,345.97,85.00,3144.57
2022,11/14/2025,42,54.76,61.16,2568.62,327.56,85.00,2981.18
2022,11/16/2025,30,40.96,53.72,1611.45,205.50,5.00,1821.95
2022,11/15/2025,47,61.45,61.85,2906.82,370.74,150.00,3427.56
2022,11/17/2025,53,70.73,53.56,2838.62,361.92,75.00,3275.54
2022,11/18/2025,47,62.65,53.14,2497.61,318.44,128.95,2945.00
2022,11/19/2025,56,73.49,54.77,3067.04,391.06,139.95,3598.05
2022,11/20/2025,44,57.83,52.51,2310.57,294.66,40.10,2645.33
2022,11/21/2025,44,58.54,55.22,2429.65,304.63,-10.00,2724.28
2022,11/22/2025,43,56.63,59.62,2563.67,326.91,134.75,3025.33
2022,11/23/2025,26,37.04,50.64,1316.69,167.90,214.95,1699.54
2022,11/24/2025,44,58.54,49.61,2182.96,278.39,225.00,2686.35
2022,11/27/2025,31,43.21,49.40,1531.48,195.32,160.00,1886.80
2022,11/26/2025,31,42.68,48.71,1510.09,192.60,54.95,1757.64
2022,11/25/2025,44,58.54,49.80,2191.24,279.49,60.00,2530.73
2022,11/28/2025,39,53.09,57.03,2223.98,283.60,194.95,2702.53
2022,11/30/2025,24,35.44,48.85,1172.29,149.47,205.00,1526.76
2022,10/1/2025,38,42.55,52.80,2006.44,249.46,0.00,2255.90
2022,11/29/2025,34,46.91,53.71,1825.97,232.84,-10.00,2048.81
2022,10/2/2025,39,43.62,56.61,2207.66,262.41,5.00,2475.07
2022,10/3/2025,42,46.81,68.86,2892.00,356.04,0.00,3248.04
2022,10/5/2025,30,34.38,55.50,1665.08,201.42,-60.00,1806.50
2022,10/4/2025,52,57.45,66.33,3449.17,430.25,60.00,3939.42
2022,10/6/2025,45,49.48,51.56,2320.32,289.41,0.00,2609.73
2022,10/7/2025,44,48.96,54.63,2403.86,296.88,60.00,2760.74
2022,10/9/2025,48,53.12,54.12,2597.70,318.38,0.00,2916.08
2022,10/8/2025,50,55.21,53.04,2651.95,324.06,0.00,2976.01
2022,10/10/2025,57,62.50,59.13,3370.63,417.04,5.00,3792.67
2022,10/13/2025,50,54.64,53.22,2661.23,332.94,0.00,2994.17
2022,10/12/2025,41,45.36,52.91,2169.29,267.64,25.00,2461.93
2022,10/11/2025,72,78.12,62.39,4491.99,550.51,60.00,5102.50
2022,10/14/2025,53,58.33,52.99,2808.43,345.33,0.00,3153.76
2022,10/15/2025,49,54.17,54.22,2656.90,323.49,0.00,2980.39
2022,10/16/2025,48,52.58,53.94,2588.91,329.50,0.00,2918.41
2022,10/20/2025,48,52.58,52.33,2511.64,313.87,50.00,2875.51
2022,10/17/2025,93,98.97,77.22,7181.84,899.90,0.00,8081.74
2022,10/19/2025,33,39.56,56.15,1852.92,236.25,50.00,2139.17
2022,10/18/2025,92,97.94,77.77,7154.98,912.20,125.00,8192.18
2022,10/21/2025,47,53.12,53.37,2508.45,315.39,110.00,2933.84
2022,10/22/2025,37,43.62,53.07,1963.73,250.42,25.00,2239.15
2022,10/23/2025,37,44.09,54.66,2022.33,257.89,25.00,2305.22
2022,10/24/2025,48,55.91,62.71,3010.17,383.81,167.32,3561.30
2022,10/27/2025,48,55.91,52.55,2522.43,321.60,100.00,2944.03
2022,10/25/2025,38,45.16,60.74,2308.06,294.28,462.00,3064.34
2022,10/26/2025,32,38.71,55.38,1772.06,225.94,50.00,2048.00
2022,10/28/2025,45,53.76,51.48,2368.05,301.95,75.00,2745.00
2022,10/29/2025,41,54.12,50.84,2135.27,272.27,110.00,2517.54
2022,10/30/2025,42,55.29,51.28,2204.99,281.22,40.00,2526.21
2022,10/31/2025,41,54.76,52.21,2192.70,279.62,145.00,2617.32
2022,9/1/2025,21,30.00,66.27,1391.57,166.62,100.00,1658.19
2022,9/2/2025,27,38.46,55.97,1511.29,186.32,-180.00,1517.61
2022,9/3/2025,36,50.00,57.32,2063.37,256.76,0.00,2320.13
2022,9/4/2025,25,31.11,63.08,1577.09,191.54,0.02,1768.65
2022,9/6/2025,39,48.28,62.50,2437.67,294.91,-55.00,2677.58
2022,9/5/2025,43,52.87,62.42,2684.08,327.66,60.00,3071.74
2022,9/7/2025,25,36.84,74.62,1865.60,178.57,0.00,2044.17
2022,9/8/2025,26,38.16,56.47,1468.27,185.31,0.00,1653.58
2022,9/10/2025,24,36.49,54.59,1310.15,160.68,0.00,1470.83
2022,9/9/2025,38,55.41,55.33,2102.46,261.70,0.00,2364.16
2022,9/11/2025,30,38.82,55.10,1653.07,203.85,0.00,1856.92
2022,9/12/2025,52,61.80,62.96,3273.89,409.59,65.00,3748.48
2022,9/15/2025,36,45.45,52.92,1904.94,236.46,110.00,2251.40
2022,9/14/2025,19,26.14,74.99,1424.89,165.73,0.00,1590.62
2022,9/13/2025,77,90.91,68.53,5277.02,652.51,-60.00,5869.53
2022,9/17/2025,45,51.06,55.67,2505.16,301.59,5.00,2811.75
2022,9/16/2025,41,47.87,51.68,2118.78,258.00,60.00,2436.78
2022,9/18/2025,40,44.33,52.67,2106.63,257.15,5.00,2368.78
2022,9/19/2025,61,68.82,59.78,3646.71,446.99,-51.36,4042.34
2022,9/22/2025,37,44.94,55.81,2065.08,253.77,125.00,2443.85
2022,9/21/2025,32,39.33,55.76,1784.29,221.13,-55.00,1950.42
2022,9/20/2025,79,89.13,62.46,4934.12,613.74,225.00,5772.86
2022,9/23/2025,46,55.06,56.80,2612.75,322.32,0.00,2935.07
2022,9/24/2025,41,47.31,51.15,2097.30,261.05,0.00,2358.35
2022,9/25/2025,44,50.54,55.69,2450.20,298.89,19.50,2768.59
2022,9/26/2025,44,48.96,61.05,2686.03,327.22,-60.00,2953.25
2022,9/28/2025,31,35.11,58.66,1818.49,217.22,-60.00,1975.71
2022,9/27/2025,60,65.26,67.69,4061.53,492.07,60.00,4613.60
2022,9/29/2025,41,45.74,54.26,2224.74,277.31,0.00,2502.05
2022,9/30/2025,35,39.36,54.65,1912.88,231.80,5.00,2149.68
2022,4/2/2026,45,55.81,54.65,2459.29,313.53,124.85,2897.67
2022,4/3/2026,40,50.00,61.98,2479.24,316.12,90.00,2885.36
2022,4/4/2026,32,40.70,60.36,1931.55,246.31,139.95,2317.81
2022,4/5/2026,24,31.40,49.55,1189.12,151.63,145.25,1486.00
2022,4/1/2026,50,61.63,54.31,2715.38,346.21,-10.00,3051.59
2022,4/6/2026,37,46.51,51.18,1893.80,241.45,29.95,2165.20
2022,4/7/2026,41,53.66,52.96,2171.23,276.83,395.15,2843.21
2022,4/8/2026,33,44.44,54.74,1806.44,230.31,-10.00,2026.75
2022,4/9/2026,44,56.63,56.02,2464.66,314.23,135.00,2913.89
2022,4/10/2026,62,78.31,63.29,3924.07,500.33,8.88,4433.28
2022,4/11/2026,57,73.17,69.84,3980.91,507.50,50.00,4538.41
2022,4/12/2026,37,49.38,51.91,1920.52,244.89,329.70,2495.11
2022,4/13/2026,54,70.37,53.15,2870.15,365.99,-10.00,3226.14
2022,4/14/2026,49,60.47,54.67,2678.91,341.57,114.95,3135.43
2022,4/15/2026,54,65.52,54.61,2948.80,375.99,85.00,3409.79
2022,4/16/2026,55,66.67,53.86,2962.40,377.76,75.00,3415.16
2022,4/17/2026,54,65.52,65.65,3545.00,452.02,135.00,4132.02
2022,4/18/2026,54,65.52,66.42,3586.44,457.33,134.95,4178.72
2022,4/20/2026,38,46.59,53.27,2024.25,254.21,50.00,2328.46
2022,4/19/2026,33,40.91,55.28,1824.34,232.62,106.00,2162.96
2022,4/21/2026,37,44.57,51.92,1920.96,244.88,100.00,2265.84
2022,4/22/2026,34,40.43,54.04,1837.35,234.23,50.00,2121.58
2022,4/23/2026,32,37.50,57.09,1826.78,232.91,25.00,2084.69
2022,4/26/2026,38,43.75,53.87,2046.87,261.00,25.00,2332.87
2022,4/27/2026,42,48.96,55.26,2321.02,295.92,94.90,2711.84
2022,4/24/2026,78,85.42,79.18,6176.32,755.18,104.95,7036.45
2022,4/25/2026,92,100.00,87.03,8007.20,987.87,85.00,9080.07
2022,4/28/2026,40,46.32,58.81,2352.32,273.47,25.00,2650.79
2022,4/29/2026,37,43.16,54.84,2028.99,258.69,84.95,2372.63
2022,4/30/2026,44,50.53,55.98,2463.30,314.08,75.05,2852.43
2022,2/3/2026,36,52.00,48.22,1735.92,221.35,130.05,2087.32
2022,2/2/2026,42,60.00,49.27,2069.28,263.85,145.00,2478.13
2022,2/4/2026,34,49.33,48.80,1659.07,211.54,150.00,2020.61
2022,2/1/2026,26,38.96,48.28,1255.38,160.11,45.00,1460.49
2022,2/5/2026,29,42.67,47.51,1377.77,175.68,50.00,1603.45
2022,2/6/2026,41,57.89,54.96,2253.29,287.29,249.90,2790.48
2022,2/7/2026,41,58.67,59.16,2425.57,309.27,59.65,2794.49
2022,2/8/2026,31,43.04,48.99,1518.56,193.60,60.00,1772.16
2022,2/9/2026,32,44.30,48.67,1557.36,198.56,60.00,1815.92
2022,2/10/2026,34,46.84,51.05,1735.60,221.25,150.00,2106.85
2022,2/11/2026,32,44.30,51.46,1646.69,209.94,219.65,2076.28
2022,2/14/2026,60,74.70,64.02,3841.15,489.80,130.35,4461.30
2022,2/12/2026,35,48.10,53.57,1875.06,239.10,25.00,2139.16
2022,2/16/2026,40,50.60,61.90,2475.88,258.24,50.00,2784.12
2022,2/13/2026,35,48.10,60.24,2108.28,268.79,390.00,2767.07
2022,2/17/2026,34,43.37,36.22,1231.42,214.31,630.00,2075.73
2022,2/19/2026,29,38.27,52.65,1526.87,194.62,145.00,1866.49
2022,2/18/2026,41,51.81,50.20,2058.08,262.34,110.00,2430.42
2022,2/20/2026,24,31.71,66.78,1602.67,204.37,85.00,1892.04
2022,2/15/2026,33,42.17,56.45,1862.92,241.57,50.00,2154.49
2022,2/21/2026,30,39.51,58.82,1764.69,224.99,40.00,2029.68
2022,2/22/2026,25,32.93,50.87,1271.81,162.14,50.00,1483.95
2022,2/23/2026,31,41.25,50.22,1556.73,198.49,35.00,1790.22
2022,2/24/2026,38,54.05,49.57,1883.80,240.08,40.00,2163.88
2022,2/25/2026,32,45.95,52.38,1676.15,213.60,37.84,1927.59
2022,2/26/2026,40,56.76,54.35,2173.99,277.22,-5.00,2446.21
2022,2/27/2026,37,54.05,64.68,2393.17,305.16,85.00,2783.33
2022,1/1/2026,21,34.72,57.38,1204.93,153.66,10.00,1368.59
2022,2/28/2026,43,60.53,65.69,2824.75,360.15,75.00,3259.90
2022,1/2/2026,31,48.61,59.45,1842.93,235.01,135.00,2212.94
2022,1/4/2026,26,41.67,55.54,1443.97,184.12,-34.52,1593.57
2022,1/5/2026,22,36.11,52.47,1154.44,147.20,40.00,1341.64
2022,1/3/2026,43,65.28,60.43,2598.47,331.32,100.00,3029.79
2022,1/6/2026,23,38.03,53.27,1225.14,156.21,75.00,1456.35
2022,1/7/2026,28,41.56,52.83,1479.22,188.62,100.00,1767.84
2022,1/8/2026,21,32.89,54.85,1151.91,146.87,25.00,1323.78
2022,1/10/2026,31,45.45,60.21,1866.36,238.03,25.00,2129.39
2022,1/9/2026,29,42.86,62.71,1818.55,197.19,35.00,2050.74
2022,1/11/2026,14,23.38,59.33,830.57,105.90,25.00,961.47
2022,1/12/2026,29,42.31,52.96,1535.95,195.85,25.00,1756.80
2022,1/13/2026,28,39.51,50.13,1403.61,179.01,25.00,1607.62
2022,1/14/2026,32,44.44,51.72,1655.07,211.09,85.00,1951.16
2022,1/15/2026,38,53.09,56.32,2140.15,272.95,50.00,2463.10
2022,1/16/2026,30,43.21,62.69,1880.72,239.82,50.00,2170.54
2022,1/17/2026,31,43.21,56.84,1762.15,224.74,170.00,2156.89
2022,1/18/2026,24,34.57,50.46,1210.96,154.43,25.00,1390.39
2022,1/19/2026,23,33.33,49.10,1129.31,144.01,25.00,1298.32
2022,1/20/2026,30,41.98,51.43,1542.86,196.75,50.00,1789.61
2022,1/21/2026,20,29.63,53.95,1078.92,137.58,50.00,1266.50
2022,1/22/2026,22,32.10,49.66,1092.57,139.32,25.00,1256.89
2022,1/23/2026,17,25.93,54.32,923.45,117.78,25.00,1066.23
2022,1/24/2026,16,24.10,55.29,884.62,112.83,25.00,1022.45
2022,1/25/2026,18,27.71,48.01,864.14,110.21,75.00,1049.35
2022,1/26/2026,18,27.71,47.93,862.73,110.00,25.00,997.73
2022,1/27/2026,31,49.30,47.15,1461.76,186.41,49.75,1697.92
2022,1/28/2026,25,40.54,51.05,1276.21,162.73,25.00,1463.94
2022,1/29/2026,33,51.35,50.14,1654.70,210.94,195.00,2060.64
2022,1/30/2026,30,45.95,55.94,1678.26,214.01,25.00,1917.27
2022,1/31/2026,32,46.75,56.41,1805.13,230.14,64.95,2100.22
2022,3/1/2026,23,32.05,60.09,1381.99,176.21,80.00,1638.20
2022,3/2/2026,33,44.87,54.68,1804.32,230.06,110.00,2144.38
2022,6/1/2026,64,77.27,55.33,3541.18,451.47,184.98,4177.63
2022,3/3/2026,35,47.44,54.39,1903.53,242.68,308.80,2455.01
2022,3/5/2026,29,38.27,54.84,1590.43,202.76,45.05,1838.24
2022,3/4/2026,35,48.05,59.07,2067.43,263.64,373.99,2705.06
2022,3/7/2026,40,50.60,65.44,2617.42,333.67,225.00,3176.09
2022,3/6/2026,44,54.76,64.58,2841.58,362.29,80.00,3283.87
2022,3/8/2026,26,34.94,60.09,1622.42,206.85,-284.03,1545.24
2022,3/9/2026,40,51.81,53.82,2206.58,281.31,50.00,2537.89
2022,3/11/2026,34,45.12,53.58,1875.33,239.07,100.00,2214.40
2022,3/10/2026,48,61.45,54.02,2647.21,337.44,50.00,3034.65
2022,3/12/2026,39,50.62,57.07,2225.61,283.77,54.95,2564.33
2022,3/16/2026,48,60.24,51.53,2473.56,315.43,245.00,3033.99
2022,3/15/2026,31,40.96,55.51,1720.90,219.43,110.00,2050.33
2022,3/14/2026,62,77.11,63.72,3950.93,503.75,175.00,4629.68
2022,3/17/2026,53,67.07,50.81,2692.92,343.39,85.00,3121.31
2022,3/18/2026,49,60.00,51.71,2533.64,323.04,110.00,2966.68
2022,3/19/2026,54,65.88,51.26,2767.97,352.96,44.90,3165.83
2022,3/20/2026,52,63.53,61.31,3188.07,406.47,65.00,3659.54
2022,3/21/2026,52,64.29,63.95,3325.40,424.02,105.00,3854.42
2022,3/23/2026,51,67.95,52.51,2677.93,341.46,29.95,3049.34
2022,3/22/2026,32,40.00,50.70,1622.43,206.89,89.95,1919.27
2022,3/24/2026,53,67.90,54.15,2870.07,365.97,9.85,3245.89
2022,3/25/2026,45,57.14,54.11,2434.86,310.45,70.15,2815.46
2022,3/26/2026,45,55.81,55.81,2511.34,320.22,25.00,2856.56
2022,3/27/2026,41,52.38,60.97,2499.83,318.74,40.00,2858.57
2022,3/29/2026,41,51.76,53.72,2202.64,280.83,259.70,2743.17
2022,3/28/2026,59,71.26,63.29,3734.34,476.21,100.00,4310.55
2022,3/30/2026,55,68.60,54.87,3018.11,386.93,75.00,3480.04
2022,3/31/2026,53,66.28,54.11,2867.83,365.63,50.00,3283.46
2022,5/3/2026,41,50.00,55.94,2293.61,292.39,-10.00,2576.00
2022,5/1/2026,70,78.95,69.75,4882.71,622.69,160.00,5665.40
2022,5/2/2026,71,78.12,70.33,4993.28,636.71,270.00,5899.99
2022,5/4/2026,52,62.92,54.89,2854.09,363.82,75.00,3292.91
2022,5/6/2026,43,52.81,56.70,2438.12,310.80,125.00,2873.92
2022,5/5/2026,49,60.67,55.62,2725.38,346.14,50.00,3121.52
2022,5/7/2026,51,62.22,58.33,2974.90,379.24,145.00,3499.14
2022,5/8/2026,48,58.89,70.88,3402.06,433.73,105.00,3940.79
2022,5/10/2026,42,52.22,59.71,2507.62,319.68,120.00,2947.30
2022,5/9/2026,46,56.67,63.00,2898.09,369.48,140.00,3407.57
2022,5/11/2026,46,56.67,56.45,2596.49,330.99,25.00,2952.48
2022,5/12/2026,55,67.42,58.73,3230.08,411.76,29.95,3671.79
2022,5/13/2026,48,58.89,55.72,2674.76,340.96,24.90,3040.62
2022,5/14/2026,46,56.67,54.99,2529.52,322.45,125.10,2977.07
2022,5/15/2026,45,53.76,62.80,2825.88,360.28,24.90,3211.06
2022,5/16/2026,53,58.76,64.88,3438.72,438.42,314.95,4192.09
2022,5/17/2026,40,45.83,52.33,2093.22,268.52,25.00,2386.74
2022,5/18/2026,48,54.74,54.15,2598.96,327.60,0.00,2926.56
2022,5/19/2026,42,48.94,55.83,2345.06,295.73,85.00,2725.79
2022,5/20/2026,41,47.87,52.30,2144.26,273.34,0.00,2417.60
2022,5/21/2026,37,44.09,54.23,2006.43,255.79,0.00,2262.22
2022,5/22/2026,50,58.06,65.93,3296.27,420.21,0.00,3716.48
2022,5/24/2026,39,46.74,56.22,2192.41,276.34,250.00,2718.75
2022,5/23/2026,49,57.61,65.97,3232.42,405.78,30.60,3668.80
2022,5/25/2026,37,46.07,55.99,2071.49,264.08,75.00,2410.57
2022,5/26/2026,47,57.95,56.98,2677.96,341.39,0.00,3019.35
2022,5/27/2026,44,54.55,55.40,2437.78,310.75,60.00,2808.53
2022,5/28/2026,49,62.50,56.67,2776.73,353.98,60.00,3190.71
2022,5/29/2026,53,65.91,63.42,3361.14,428.51,75.00,3864.65
2022,5/30/2026,62,77.53,66.38,4115.26,524.68,40.32,4680.26
2022,5/31/2026,57,68.54,63.99,3647.52,465.04,120.00,4232.56
